<?xml version="1.0" encoding="utf-16"?>
<ArrayOfConfigGUI xmlns:xsd="http://www.w3.org/2001/XMLSchema" xmlns:xsi="http://www.w3.org/2001/XMLSchema-instance">
  <ConfigGUI>
    <Name>chkIgnoreUsers</Name>
    <Text>Ignore Usernames</Text>
    <Value>f</Value>
  </ConfigGUI>
  <ConfigGUI>
    <Name>chkPotDisable</Name>
    <Text>Disable Pot File</Text>
    <Value>t</Value>
  </ConfigGUI>
  <ConfigGUI>
    <Name>btnInputFind</Name>
    <Text>...</Text>
  </ConfigGUI>
  <ConfigGUI>
    <Name>lblHashTypePlus</Name>
    <Text>Hash Type:</Text>
  </ConfigGUI>
  <ConfigGUI>
    <Name>ddlHashMode</Name>
    <Text>$text$MD5 (0)</Text>
  </ConfigGUI>
  <ConfigGUI>
    <Name>ddlHashMode</Name>
    <Text>1Password, agilekeychain (6600)</Text>
    <Value>6600</Value>
  </ConfigGUI>
  <ConfigGUI>
    <Name>ddlHashMode</Name>
    <Text>1Password, cloudkeychain (8200)</Text>
    <Value>8200</Value>
  </ConfigGUI>
  <ConfigGUI>
    <Name>ddlHashMode</Name>
    <Text>3DES (PT = $salt, key = $pass) (14100)</Text>
    <Value>14100</Value>
  </ConfigGUI>
  <ConfigGUI>
    <Name>ddlHashMode</Name>
    <Text>7-Zip (11600)</Text>
    <Value>11600</Value>
  </ConfigGUI>
  <ConfigGUI>
    <Name>ddlHashMode</Name>
    <Text>AES Crypt (SHA256) (22400)</Text>
    <Value>22400</Value>
  </ConfigGUI>
  <ConfigGUI>
    <Name>ddlHashMode</Name>
    <Text>AIX {smd5} (6300)</Text>
    <Value>6300</Value>
  </ConfigGUI>
  <ConfigGUI>
    <Name>ddlHashMode</Name>
    <Text>AIX {ssha1} (6700)</Text>
    <Value>6700</Value>
  </ConfigGUI>
  <ConfigGUI>
    <Name>ddlHashMode</Name>
    <Text>AIX {ssha256} (6400)</Text>
    <Value>6400</Value>
  </ConfigGUI>
  <ConfigGUI>
    <Name>ddlHashMode</Name>
    <Text>AIX {ssha512} (6500)</Text>
    <Value>6500</Value>
  </ConfigGUI>
  <ConfigGUI>
    <Name>ddlHashMode</Name>
    <Text>Android Backup (18900)</Text>
    <Value>18900</Value>
  </ConfigGUI>
  <ConfigGUI>
    <Name>ddlHashMode</Name>
    <Text>Android FDE (Samsung DEK) (12900)</Text>
    <Value>12900</Value>
  </ConfigGUI>
  <ConfigGUI>
    <Name>ddlHashMode</Name>
    <Text>Android FDE &lt;= 4.3 (8800)</Text>
    <Value>8800</Value>
  </ConfigGUI>
  <ConfigGUI>
    <Name>ddlHashMode</Name>
    <Text>Ansible Vault (16900)</Text>
    <Value>16900</Value>
  </ConfigGUI>
  <ConfigGUI>
    <Name>ddlHashMode</Name>
    <Text>Apache $apr1$ MD5, md5apr1, MD5 (APR) (1600)</Text>
    <Value>1600</Value>
  </ConfigGUI>
  <ConfigGUI>
    <Name>ddlHashMode</Name>
    <Text>Apple File System (APFS) (18300)</Text>
    <Value>18300</Value>
  </ConfigGUI>
  <ConfigGUI>
    <Name>ddlHashMode</Name>
    <Text>Apple iWork (23300)</Text>
    <Value>23300</Value>
  </ConfigGUI>
  <ConfigGUI>
    <Name>ddlHashMode</Name>
    <Text>Apple Keychain (23100)</Text>
    <Value>23100</Value>
  </ConfigGUI>
  <ConfigGUI>
    <Name>ddlHashMode</Name>
    <Text>Apple Secure Notes (16200)</Text>
    <Value>16200</Value>
  </ConfigGUI>
  <ConfigGUI>
    <Name>ddlHashMode</Name>
    <Text>ArubaOS (125)</Text>
    <Value>125</Value>
  </ConfigGUI>
  <ConfigGUI>
    <Name>ddlHashMode</Name>
    <Text>Atlassian (PBKDF2-HMAC-SHA1) (12001)</Text>
    <Value>12001</Value>
  </ConfigGUI>
  <ConfigGUI>
    <Name>ddlHashMode</Name>
    <Text>AuthMe sha256 (20711)</Text>
    <Value>20711</Value>
  </ConfigGUI>
  <ConfigGUI>
    <Name>ddlHashMode</Name>
    <Text>AxCrypt 1 (13200)</Text>
    <Value>13200</Value>
  </ConfigGUI>
  <ConfigGUI>
    <Name>ddlHashMode</Name>
    <Text>AxCrypt 1 in-memory SHA1 (13300)</Text>
    <Value>13300</Value>
  </ConfigGUI>
  <ConfigGUI>
    <Name>ddlHashMode</Name>
    <Text>AxCrypt 2 AES-128 (23500)</Text>
    <Value>23500</Value>
  </ConfigGUI>
  <ConfigGUI>
    <Name>ddlHashMode</Name>
    <Text>AxCrypt 2 AES-256 (23600)</Text>
    <Value>23600</Value>
  </ConfigGUI>
  <ConfigGUI>
    <Name>ddlHashMode</Name>
    <Text>bcrypt $2*$, Blowfish (Unix) (3200)</Text>
    <Value>3200</Value>
  </ConfigGUI>
  <ConfigGUI>
    <Name>ddlHashMode</Name>
    <Text>bcrypt(md5($pass)) / bcryptmd5 (25600)</Text>
    <Value>25600</Value>
  </ConfigGUI>
  <ConfigGUI>
    <Name>ddlHashMode</Name>
    <Text>bcrypt(sha1($pass)) / bcryptsha1 (25800)</Text>
    <Value>25800</Value>
  </ConfigGUI>
  <ConfigGUI>
    <Name>ddlHashMode</Name>
    <Text>BestCrypt v3 Volume Encryption (23900)</Text>
    <Value>23900</Value>
  </ConfigGUI>
  <ConfigGUI>
    <Name>ddlHashMode</Name>
    <Text>Bitcoin/Litecoin wallet.dat (11300)</Text>
    <Value>11300</Value>
  </ConfigGUI>
  <ConfigGUI>
    <Name>ddlHashMode</Name>
    <Text>BitLocker (22100)</Text>
    <Value>22100</Value>
  </ConfigGUI>
  <ConfigGUI>
    <Name>ddlHashMode</Name>
    <Text>BitShares v0.x - sha512(sha512_bin(pass)) (21000)</Text>
    <Value>21000</Value>
  </ConfigGUI>
  <ConfigGUI>
    <Name>ddlHashMode</Name>
    <Text>Bitwarden (23400)</Text>
    <Value>23400</Value>
  </ConfigGUI>
  <ConfigGUI>
    <Name>ddlHashMode</Name>
    <Text>BLAKE2b-512 (600)</Text>
    <Value>600</Value>
  </ConfigGUI>
  <ConfigGUI>
    <Name>ddlHashMode</Name>
    <Text>Blockchain, My Wallet (12700)</Text>
    <Value>12700</Value>
  </ConfigGUI>
  <ConfigGUI>
    <Name>ddlHashMode</Name>
    <Text>Blockchain, My Wallet, Second Password (SHA256) (18800)</Text>
    <Value>18800</Value>
  </ConfigGUI>
  <ConfigGUI>
    <Name>ddlHashMode</Name>
    <Text>Blockchain, My Wallet, V2 (15200)</Text>
    <Value>15200</Value>
  </ConfigGUI>
  <ConfigGUI>
    <Name>ddlHashMode</Name>
    <Text>BSDi Crypt, Extended DES (12400)</Text>
    <Value>12400</Value>
  </ConfigGUI>
  <ConfigGUI>
    <Name>ddlHashMode</Name>
    <Text>ChaCha20 (15400)</Text>
    <Value>15400</Value>
  </ConfigGUI>
  <ConfigGUI>
    <Name>ddlHashMode</Name>
    <Text>Cisco-ASA MD5 (2410)</Text>
    <Value>2410</Value>
  </ConfigGUI>
  <ConfigGUI>
    <Name>ddlHashMode</Name>
    <Text>Cisco-IOS $8$ (PBKDF2-SHA256) (9200)</Text>
    <Value>9200</Value>
  </ConfigGUI>
  <ConfigGUI>
    <Name>ddlHashMode</Name>
    <Text>Cisco-IOS $9$ (scrypt) (9300)</Text>
    <Value>9300</Value>
  </ConfigGUI>
  <ConfigGUI>
    <Name>ddlHashMode</Name>
    <Text>Cisco-IOS type 4 (SHA256) (5700)</Text>
    <Value>5700</Value>
  </ConfigGUI>
  <ConfigGUI>
    <Name>ddlHashMode</Name>
    <Text>Cisco-PIX MD5 (2400)</Text>
    <Value>2400</Value>
  </ConfigGUI>
  <ConfigGUI>
    <Name>ddlHashMode</Name>
    <Text>Citrix NetScaler (SHA1) (8100)</Text>
    <Value>8100</Value>
  </ConfigGUI>
  <ConfigGUI>
    <Name>ddlHashMode</Name>
    <Text>Citrix NetScaler (SHA512) (22200)</Text>
    <Value>22200</Value>
  </ConfigGUI>
  <ConfigGUI>
    <Name>ddlHashMode</Name>
    <Text>ColdFusion 10+ (12600)</Text>
    <Value>12600</Value>
  </ConfigGUI>
  <ConfigGUI>
    <Name>ddlHashMode</Name>
    <Text>CRAM-MD5 (10200)</Text>
    <Value>10200</Value>
  </ConfigGUI>
  <ConfigGUI>
    <Name>ddlHashMode</Name>
    <Text>CRAM-MD5 Dovecot (16400)</Text>
    <Value>16400</Value>
  </ConfigGUI>
  <ConfigGUI>
    <Name>ddlHashMode</Name>
    <Text>CRC32 (11500)</Text>
    <Value>11500</Value>
  </ConfigGUI>
  <ConfigGUI>
    <Name>ddlHashMode</Name>
    <Text>Dahua Authentication MD5 (24900)</Text>
    <Value>24900</Value>
  </ConfigGUI>
  <ConfigGUI>
    <Name>ddlHashMode</Name>
    <Text>DES (PT = $salt, key = $pass) (14000)</Text>
    <Value>14000</Value>
  </ConfigGUI>
  <ConfigGUI>
    <Name>ddlHashMode</Name>
    <Text>descrypt, DES (Unix), Traditional DES (1500)</Text>
    <Value>1500</Value>
  </ConfigGUI>
  <ConfigGUI>
    <Name>ddlHashMode</Name>
    <Text>DiskCryptor SHA512 + XTS 1024 bit (20012)</Text>
    <Value>20012</Value>
  </ConfigGUI>
  <ConfigGUI>
    <Name>ddlHashMode</Name>
    <Text>DiskCryptor SHA512 + XTS 1536 bit (20013)</Text>
    <Value>20013</Value>
  </ConfigGUI>
  <ConfigGUI>
    <Name>ddlHashMode</Name>
    <Text>DiskCryptor SHA512 + XTS 512 bit (20011)</Text>
    <Value>20011</Value>
  </ConfigGUI>
  <ConfigGUI>
    <Name>ddlHashMode</Name>
    <Text>Django (PBKDF2-SHA256) (10000)</Text>
    <Value>10000</Value>
  </ConfigGUI>
  <ConfigGUI>
    <Name>ddlHashMode</Name>
    <Text>Django (SHA-1) (124)</Text>
    <Value>124</Value>
  </ConfigGUI>
  <ConfigGUI>
    <Name>ddlHashMode</Name>
    <Text>DNSSEC (NSEC3) (8300)</Text>
    <Value>8300</Value>
  </ConfigGUI>
  <ConfigGUI>
    <Name>ddlHashMode</Name>
    <Text>Domain Cached Credentials (DCC), MS Cache (1100)</Text>
    <Value>1100</Value>
  </ConfigGUI>
  <ConfigGUI>
    <Name>ddlHashMode</Name>
    <Text>Domain Cached Credentials 2 (DCC2), MS Cache 2 (2100)</Text>
    <Value>2100</Value>
  </ConfigGUI>
  <ConfigGUI>
    <Name>ddlHashMode</Name>
    <Text>DPAPI masterkey file v1 (15300)</Text>
    <Value>15300</Value>
  </ConfigGUI>
  <ConfigGUI>
    <Name>ddlHashMode</Name>
    <Text>DPAPI masterkey file v2 (15900)</Text>
    <Value>15900</Value>
  </ConfigGUI>
  <ConfigGUI>
    <Name>ddlHashMode</Name>
    <Text>Drupal7 (7900)</Text>
    <Value>7900</Value>
  </ConfigGUI>
  <ConfigGUI>
    <Name>ddlHashMode</Name>
    <Text>eCryptfs (12200)</Text>
    <Value>12200</Value>
  </ConfigGUI>
  <ConfigGUI>
    <Name>ddlHashMode</Name>
    <Text>Electrum Wallet (Salt-Type 1-3) (16600)</Text>
    <Value>16600</Value>
  </ConfigGUI>
  <ConfigGUI>
    <Name>ddlHashMode</Name>
    <Text>Electrum Wallet (Salt-Type 4) (21700)</Text>
    <Value>21700</Value>
  </ConfigGUI>
  <ConfigGUI>
    <Name>ddlHashMode</Name>
    <Text>Electrum Wallet (Salt-Type 5) (21800)</Text>
    <Value>21800</Value>
  </ConfigGUI>
  <ConfigGUI>
    <Name>ddlHashMode</Name>
    <Text>Episerver 6.x &lt; .NET 4 (141)</Text>
    <Value>141</Value>
  </ConfigGUI>
  <ConfigGUI>
    <Name>ddlHashMode</Name>
    <Text>Episerver 6.x &gt;= .NET 4 (1441)</Text>
    <Value>1441</Value>
  </ConfigGUI>
  <ConfigGUI>
    <Name>ddlHashMode</Name>
    <Text>Ethereum Pre-Sale Wallet, PBKDF2-HMAC-SHA256 (16300)</Text>
    <Value>16300</Value>
  </ConfigGUI>
  <ConfigGUI>
    <Name>ddlHashMode</Name>
    <Text>Ethereum Wallet, PBKDF2-HMAC-SHA256 (15600)</Text>
    <Value>15600</Value>
  </ConfigGUI>
  <ConfigGUI>
    <Name>ddlHashMode</Name>
    <Text>Ethereum Wallet, SCRYPT (15700)</Text>
    <Value>15700</Value>
  </ConfigGUI>
  <ConfigGUI>
    <Name>ddlHashMode</Name>
    <Text>FileVault 2 (16700)</Text>
    <Value>16700</Value>
  </ConfigGUI>
  <ConfigGUI>
    <Name>ddlHashMode</Name>
    <Text>FileZilla Server &gt;= 0.9.55 (15000)</Text>
    <Value>15000</Value>
  </ConfigGUI>
  <ConfigGUI>
    <Name>ddlHashMode</Name>
    <Text>FortiGate (FortiOS) (7000)</Text>
    <Value>7000</Value>
  </ConfigGUI>
  <ConfigGUI>
    <Name>ddlHashMode</Name>
    <Text>FortiGate256 (FortiOS256) (26300)</Text>
    <Value>26300</Value>
  </ConfigGUI>
  <ConfigGUI>
    <Name>ddlHashMode</Name>
    <Text>GOST R 34.11-2012 (Streebog) 256-bit, big-endian (11700)</Text>
    <Value>11700</Value>
  </ConfigGUI>
  <ConfigGUI>
    <Name>ddlHashMode</Name>
    <Text>GOST R 34.11-2012 (Streebog) 512-bit, big-endian (11800)</Text>
    <Value>11800</Value>
  </ConfigGUI>
  <ConfigGUI>
    <Name>ddlHashMode</Name>
    <Text>GOST R 34.11-94 (6900)</Text>
    <Value>6900</Value>
  </ConfigGUI>
  <ConfigGUI>
    <Name>ddlHashMode</Name>
    <Text>GRUB 2 (7200)</Text>
    <Value>7200</Value>
  </ConfigGUI>
  <ConfigGUI>
    <Name>ddlHashMode</Name>
    <Text>Half MD5 (5100)</Text>
    <Value>5100</Value>
  </ConfigGUI>
  <ConfigGUI>
    <Name>ddlHashMode</Name>
    <Text>HMAC-MD5 (key = $pass) (50)</Text>
    <Value>50</Value>
  </ConfigGUI>
  <ConfigGUI>
    <Name>ddlHashMode</Name>
    <Text>HMAC-MD5 (key = $salt) (60)</Text>
    <Value>60</Value>
  </ConfigGUI>
  <ConfigGUI>
    <Name>ddlHashMode</Name>
    <Text>HMAC-SHA1 (key = $pass) (150)</Text>
    <Value>150</Value>
  </ConfigGUI>
  <ConfigGUI>
    <Name>ddlHashMode</Name>
    <Text>HMAC-SHA1 (key = $salt) (160)</Text>
    <Value>160</Value>
  </ConfigGUI>
  <ConfigGUI>
    <Name>ddlHashMode</Name>
    <Text>HMAC-SHA256 (key = $pass) (1450)</Text>
    <Value>1450</Value>
  </ConfigGUI>
  <ConfigGUI>
    <Name>ddlHashMode</Name>
    <Text>HMAC-SHA256 (key = $salt) (1460)</Text>
    <Value>1460</Value>
  </ConfigGUI>
  <ConfigGUI>
    <Name>ddlHashMode</Name>
    <Text>HMAC-SHA512 (key = $pass) (1750)</Text>
    <Value>1750</Value>
  </ConfigGUI>
  <ConfigGUI>
    <Name>ddlHashMode</Name>
    <Text>HMAC-SHA512 (key = $salt) (1760)</Text>
    <Value>1760</Value>
  </ConfigGUI>
  <ConfigGUI>
    <Name>ddlHashMode</Name>
    <Text>HMAC-Streebog-256 (key = $pass), big-endian (11750)</Text>
    <Value>11750</Value>
  </ConfigGUI>
  <ConfigGUI>
    <Name>ddlHashMode</Name>
    <Text>HMAC-Streebog-256 (key = $salt), big-endian (11760)</Text>
    <Value>11760</Value>
  </ConfigGUI>
  <ConfigGUI>
    <Name>ddlHashMode</Name>
    <Text>HMAC-Streebog-512 (key = $pass), big-endian (11850)</Text>
    <Value>11850</Value>
  </ConfigGUI>
  <ConfigGUI>
    <Name>ddlHashMode</Name>
    <Text>HMAC-Streebog-512 (key = $salt), big-endian (11860)</Text>
    <Value>11860</Value>
  </ConfigGUI>
  <ConfigGUI>
    <Name>ddlHashMode</Name>
    <Text>hMailServer (1421)</Text>
    <Value>1421</Value>
  </ConfigGUI>
  <ConfigGUI>
    <Name>ddlHashMode</Name>
    <Text>Huawei sha1(md5($pass).$salt) (4711)</Text>
    <Value>4711</Value>
  </ConfigGUI>
  <ConfigGUI>
    <Name>ddlHashMode</Name>
    <Text>IKE-PSK MD5 (5300)</Text>
    <Value>5300</Value>
  </ConfigGUI>
  <ConfigGUI>
    <Name>ddlHashMode</Name>
    <Text>IKE-PSK SHA1 (5400)</Text>
    <Value>5400</Value>
  </ConfigGUI>
  <ConfigGUI>
    <Name>ddlHashMode</Name>
    <Text>IPMI2 RAKP HMAC-SHA1 (7300)</Text>
    <Value>7300</Value>
  </ConfigGUI>
  <ConfigGUI>
    <Name>ddlHashMode</Name>
    <Text>iSCSI CHAP authentication, MD5(CHAP) (4800)</Text>
    <Value>4800</Value>
  </ConfigGUI>
  <ConfigGUI>
    <Name>ddlHashMode</Name>
    <Text>iTunes backup &lt; 10.0 (14700)</Text>
    <Value>14700</Value>
  </ConfigGUI>
  <ConfigGUI>
    <Name>ddlHashMode</Name>
    <Text>iTunes backup &gt;= 10.0 (14800)</Text>
    <Value>14800</Value>
  </ConfigGUI>
  <ConfigGUI>
    <Name>ddlHashMode</Name>
    <Text>Java Object hashCode() (18700)</Text>
    <Value>18700</Value>
  </ConfigGUI>
  <ConfigGUI>
    <Name>ddlHashMode</Name>
    <Text>JKS Java Key Store Private Keys (SHA1) (15500)</Text>
    <Value>15500</Value>
  </ConfigGUI>
  <ConfigGUI>
    <Name>ddlHashMode</Name>
    <Text>Joomla &lt; 2.5.18 (11)</Text>
    <Value>11</Value>
  </ConfigGUI>
  <ConfigGUI>
    <Name>ddlHashMode</Name>
    <Text>Juniper IVE (501)</Text>
    <Value>501</Value>
  </ConfigGUI>
  <ConfigGUI>
    <Name>ddlHashMode</Name>
    <Text>Juniper NetScreen/SSG (ScreenOS) (22)</Text>
    <Value>22</Value>
  </ConfigGUI>
  <ConfigGUI>
    <Name>ddlHashMode</Name>
    <Text>Juniper/NetBSD sha1crypt (15100)</Text>
    <Value>15100</Value>
  </ConfigGUI>
  <ConfigGUI>
    <Name>ddlHashMode</Name>
    <Text>JWT (JSON Web Token) (16500)</Text>
    <Value>16500</Value>
  </ConfigGUI>
  <ConfigGUI>
    <Name>ddlHashMode</Name>
    <Text>Keccak-224 (17700)</Text>
    <Value>17700</Value>
  </ConfigGUI>
  <ConfigGUI>
    <Name>ddlHashMode</Name>
    <Text>Keccak-256 (17800)</Text>
    <Value>17800</Value>
  </ConfigGUI>
  <ConfigGUI>
    <Name>ddlHashMode</Name>
    <Text>Keccak-384 (17900)</Text>
    <Value>17900</Value>
  </ConfigGUI>
  <ConfigGUI>
    <Name>ddlHashMode</Name>
    <Text>Keccak-512 (18000)</Text>
    <Value>18000</Value>
  </ConfigGUI>
  <ConfigGUI>
    <Name>ddlHashMode</Name>
    <Text>KeePass 1 (AES/Twofish) and KeePass 2 (AES) (13400)</Text>
    <Value>13400</Value>
  </ConfigGUI>
  <ConfigGUI>
    <Name>ddlHashMode</Name>
    <Text>Kerberos 5, etype 17, Pre-Auth (19800)</Text>
    <Value>19800</Value>
  </ConfigGUI>
  <ConfigGUI>
    <Name>ddlHashMode</Name>
    <Text>Kerberos 5, etype 17, TGS-REP (19600)</Text>
    <Value>19600</Value>
  </ConfigGUI>
  <ConfigGUI>
    <Name>ddlHashMode</Name>
    <Text>Kerberos 5, etype 18, Pre-Auth (19900)</Text>
    <Value>19900</Value>
  </ConfigGUI>
  <ConfigGUI>
    <Name>ddlHashMode</Name>
    <Text>Kerberos 5, etype 18, TGS-REP (19700)</Text>
    <Value>19700</Value>
  </ConfigGUI>
  <ConfigGUI>
    <Name>ddlHashMode</Name>
    <Text>Kerberos 5, etype 23, AS-REP (18200)</Text>
    <Value>18200</Value>
  </ConfigGUI>
  <ConfigGUI>
    <Name>ddlHashMode</Name>
    <Text>Kerberos 5, etype 23, AS-REQ Pre-Auth (7500)</Text>
    <Value>7500</Value>
  </ConfigGUI>
  <ConfigGUI>
    <Name>ddlHashMode</Name>
    <Text>Kerberos 5, etype 23, TGS-REP (13100)</Text>
    <Value>13100</Value>
  </ConfigGUI>
  <ConfigGUI>
    <Name>ddlHashMode</Name>
    <Text>KNX IP Secure - Device Authentication Code (25900)</Text>
    <Value>25900</Value>
  </ConfigGUI>
  <ConfigGUI>
    <Name>ddlHashMode</Name>
    <Text>LastPass + LastPass sniffed (6800)</Text>
    <Value>6800</Value>
  </ConfigGUI>
  <ConfigGUI>
    <Name>ddlHashMode</Name>
    <Text>Linux Kernel Crypto API (2.4) (14500)</Text>
    <Value>14500</Value>
  </ConfigGUI>
  <ConfigGUI>
    <Name>ddlHashMode</Name>
    <Text>LM (3000)</Text>
    <Value>3000</Value>
  </ConfigGUI>
  <ConfigGUI>
    <Name>ddlHashMode</Name>
    <Text>Lotus Notes/Domino 5 (8600)</Text>
    <Value>8600</Value>
  </ConfigGUI>
  <ConfigGUI>
    <Name>ddlHashMode</Name>
    <Text>Lotus Notes/Domino 6 (8700)</Text>
    <Value>8700</Value>
  </ConfigGUI>
  <ConfigGUI>
    <Name>ddlHashMode</Name>
    <Text>Lotus Notes/Domino 8 (9100)</Text>
    <Value>9100</Value>
  </ConfigGUI>
  <ConfigGUI>
    <Name>ddlHashMode</Name>
    <Text>LUKS (14600)</Text>
    <Value>14600</Value>
  </ConfigGUI>
  <ConfigGUI>
    <Name>ddlHashMode</Name>
    <Text>macOS v10.4, macOS v10.5, MacOS v10.6 (122)</Text>
    <Value>122</Value>
  </ConfigGUI>
  <ConfigGUI>
    <Name>ddlHashMode</Name>
    <Text>macOS v10.7 (1722)</Text>
    <Value>1722</Value>
  </ConfigGUI>
  <ConfigGUI>
    <Name>ddlHashMode</Name>
    <Text>macOS v10.8+ (PBKDF2-SHA512) (7100)</Text>
    <Value>7100</Value>
  </ConfigGUI>
  <ConfigGUI>
    <Name>ddlHashMode</Name>
    <Text>MD4 (900)</Text>
    <Value>900</Value>
  </ConfigGUI>
  <ConfigGUI>
    <Name>ddlHashMode</Name>
    <Text>MD5 (0)</Text>
    <Value>0</Value>
  </ConfigGUI>
  <ConfigGUI>
    <Name>ddlHashMode</Name>
    <Text>md5($pass.$salt) (10)</Text>
    <Value>10</Value>
  </ConfigGUI>
  <ConfigGUI>
    <Name>ddlHashMode</Name>
    <Text>md5($salt.$pass) (20)</Text>
    <Value>20</Value>
  </ConfigGUI>
  <ConfigGUI>
    <Name>ddlHashMode</Name>
    <Text>md5($salt.$pass.$salt) (3800)</Text>
    <Value>3800</Value>
  </ConfigGUI>
  <ConfigGUI>
    <Name>ddlHashMode</Name>
    <Text>md5($salt.md5($pass)) (3710)</Text>
    <Value>3710</Value>
  </ConfigGUI>
  <ConfigGUI>
    <Name>ddlHashMode</Name>
    <Text>md5($salt.md5($pass.$salt)) (4110)</Text>
    <Value>4110</Value>
  </ConfigGUI>
  <ConfigGUI>
    <Name>ddlHashMode</Name>
    <Text>md5($salt.md5($salt.$pass)) (4010)</Text>
    <Value>4010</Value>
  </ConfigGUI>
  <ConfigGUI>
    <Name>ddlHashMode</Name>
    <Text>md5($salt.sha1($salt.$pass)) (21300)</Text>
    <Value>21300</Value>
  </ConfigGUI>
  <ConfigGUI>
    <Name>ddlHashMode</Name>
    <Text>md5($salt.utf16le($pass)) (40)</Text>
    <Value>40</Value>
  </ConfigGUI>
  <ConfigGUI>
    <Name>ddlHashMode</Name>
    <Text>md5(md5($pass)) (2600)</Text>
    <Value>2600</Value>
  </ConfigGUI>
  <ConfigGUI>
    <Name>ddlHashMode</Name>
    <Text>md5(md5($pass).md5($salt)) (3910)</Text>
    <Value>3910</Value>
  </ConfigGUI>
  <ConfigGUI>
    <Name>ddlHashMode</Name>
    <Text>md5(md5(md5($pass))) (3500)</Text>
    <Value>3500</Value>
  </ConfigGUI>
  <ConfigGUI>
    <Name>ddlHashMode</Name>
    <Text>md5(sha1($pass)) (4400)</Text>
    <Value>4400</Value>
  </ConfigGUI>
  <ConfigGUI>
    <Name>ddlHashMode</Name>
    <Text>md5(sha1($pass).md5($pass).sha1($pass)) (20900)</Text>
    <Value>20900</Value>
  </ConfigGUI>
  <ConfigGUI>
    <Name>ddlHashMode</Name>
    <Text>md5(sha1($salt).md5($pass)) (21200)</Text>
    <Value>21200</Value>
  </ConfigGUI>
  <ConfigGUI>
    <Name>ddlHashMode</Name>
    <Text>md5(strtoupper(md5($pass))) (4300)</Text>
    <Value>4300</Value>
  </ConfigGUI>
  <ConfigGUI>
    <Name>ddlHashMode</Name>
    <Text>md5(utf16le($pass)) (70)</Text>
    <Value>70</Value>
  </ConfigGUI>
  <ConfigGUI>
    <Name>ddlHashMode</Name>
    <Text>md5(utf16le($pass).$salt) (30)</Text>
    <Value>30</Value>
  </ConfigGUI>
  <ConfigGUI>
    <Name>ddlHashMode</Name>
    <Text>md5crypt, MD5 (Unix), Cisco-IOS $1$ (MD5) (500)</Text>
    <Value>500</Value>
  </ConfigGUI>
  <ConfigGUI>
    <Name>ddlHashMode</Name>
    <Text>MediaWiki B type (3711)</Text>
    <Value>3711</Value>
  </ConfigGUI>
  <ConfigGUI>
    <Name>ddlHashMode</Name>
    <Text>MongoDB ServerKey SCRAM-SHA-1 (24100)</Text>
    <Value>24100</Value>
  </ConfigGUI>
  <ConfigGUI>
    <Name>ddlHashMode</Name>
    <Text>MongoDB ServerKey SCRAM-SHA-256 (24200)</Text>
    <Value>24200</Value>
  </ConfigGUI>
  <ConfigGUI>
    <Name>ddlHashMode</Name>
    <Text>Mozilla key3.db (26000)</Text>
    <Value>26000</Value>
  </ConfigGUI>
  <ConfigGUI>
    <Name>ddlHashMode</Name>
    <Text>Mozilla key4.db (26100)</Text>
    <Value>26100</Value>
  </ConfigGUI>
  <ConfigGUI>
    <Name>ddlHashMode</Name>
    <Text>MS Office &lt;= 2003 $0/$1, MD5 + RC4 (9700)</Text>
    <Value>9700</Value>
  </ConfigGUI>
  <ConfigGUI>
    <Name>ddlHashMode</Name>
    <Text>MS Office &lt;= 2003 $0/$1, MD5 + RC4, collider #1 (9710)</Text>
    <Value>9710</Value>
  </ConfigGUI>
  <ConfigGUI>
    <Name>ddlHashMode</Name>
    <Text>MS Office &lt;= 2003 $0/$1, MD5 + RC4, collider #2 (9720)</Text>
    <Value>9720</Value>
  </ConfigGUI>
  <ConfigGUI>
    <Name>ddlHashMode</Name>
    <Text>MS Office &lt;= 2003 $3, SHA1 + RC4, collider #1 (9810)</Text>
    <Value>9810</Value>
  </ConfigGUI>
  <ConfigGUI>
    <Name>ddlHashMode</Name>
    <Text>MS Office &lt;= 2003 $3, SHA1 + RC4, collider #2 (9820)</Text>
    <Value>9820</Value>
  </ConfigGUI>
  <ConfigGUI>
    <Name>ddlHashMode</Name>
    <Text>MS Office &lt;= 2003 $3/$4, SHA1 + RC4 (9800)</Text>
    <Value>9800</Value>
  </ConfigGUI>
  <ConfigGUI>
    <Name>ddlHashMode</Name>
    <Text>MS Office 2007 (9400)</Text>
    <Value>9400</Value>
  </ConfigGUI>
  <ConfigGUI>
    <Name>ddlHashMode</Name>
    <Text>MS Office 2010 (9500)</Text>
    <Value>9500</Value>
  </ConfigGUI>
  <ConfigGUI>
    <Name>ddlHashMode</Name>
    <Text>MS Office 2013 (9600)</Text>
    <Value>9600</Value>
  </ConfigGUI>
  <ConfigGUI>
    <Name>ddlHashMode</Name>
    <Text>MS Office 2016 - SheetProtection (25300)</Text>
    <Value>25300</Value>
  </ConfigGUI>
  <ConfigGUI>
    <Name>ddlHashMode</Name>
    <Text>MS-AzureSync PBKDF2-HMAC-SHA256 (12800)</Text>
    <Value>12800</Value>
  </ConfigGUI>
  <ConfigGUI>
    <Name>ddlHashMode</Name>
    <Text>MSSQL (2000) (131)</Text>
    <Value>131</Value>
  </ConfigGUI>
  <ConfigGUI>
    <Name>ddlHashMode</Name>
    <Text>MSSQL (2005) (132)</Text>
    <Value>132</Value>
  </ConfigGUI>
  <ConfigGUI>
    <Name>ddlHashMode</Name>
    <Text>MSSQL (2012, 2014) (1731)</Text>
    <Value>1731</Value>
  </ConfigGUI>
  <ConfigGUI>
    <Name>ddlHashMode</Name>
    <Text>MultiBit Classic .key (MD5) (22500)</Text>
    <Value>22500</Value>
  </ConfigGUI>
  <ConfigGUI>
    <Name>ddlHashMode</Name>
    <Text>MultiBit HD (scrypt) (22700)</Text>
    <Value>22700</Value>
  </ConfigGUI>
  <ConfigGUI>
    <Name>ddlHashMode</Name>
    <Text>MurmurHash (25700)</Text>
    <Value>25700</Value>
  </ConfigGUI>
  <ConfigGUI>
    <Name>ddlHashMode</Name>
    <Text>MyBB 1.2+, IPB2+ (Invision Power Board) (2811)</Text>
    <Value>2811</Value>
  </ConfigGUI>
  <ConfigGUI>
    <Name>ddlHashMode</Name>
    <Text>MySQL $A$ (sha256crypt) (7401)</Text>
    <Value>7401</Value>
  </ConfigGUI>
  <ConfigGUI>
    <Name>ddlHashMode</Name>
    <Text>MySQL CRAM (SHA1) (11200)</Text>
    <Value>11200</Value>
  </ConfigGUI>
  <ConfigGUI>
    <Name>ddlHashMode</Name>
    <Text>MySQL323 (200)</Text>
    <Value>200</Value>
  </ConfigGUI>
  <ConfigGUI>
    <Name>ddlHashMode</Name>
    <Text>MySQL4.1/MySQL5 (300)</Text>
    <Value>300</Value>
  </ConfigGUI>
  <ConfigGUI>
    <Name>ddlHashMode</Name>
    <Text>NetNTLMv1 / NetNTLMv1+ESS (5500)</Text>
    <Value>5500</Value>
  </ConfigGUI>
  <ConfigGUI>
    <Name>ddlHashMode</Name>
    <Text>NetNTLMv2 (5600)</Text>
    <Value>5600</Value>
  </ConfigGUI>
  <ConfigGUI>
    <Name>ddlHashMode</Name>
    <Text>nsldap, SHA-1(Base64), Netscape LDAP SHA (101)</Text>
    <Value>101</Value>
  </ConfigGUI>
  <ConfigGUI>
    <Name>ddlHashMode</Name>
    <Text>nsldaps, SSHA-1(Base64), Netscape LDAP SSHA (111)</Text>
    <Value>111</Value>
  </ConfigGUI>
  <ConfigGUI>
    <Name>ddlHashMode</Name>
    <Text>NTLM (1000)</Text>
    <Value>1000</Value>
  </ConfigGUI>
  <ConfigGUI>
    <Name>ddlHashMode</Name>
    <Text>Open Document Format (ODF) 1.1 (SHA-1, Blowfish) (18600)</Text>
    <Value>18600</Value>
  </ConfigGUI>
  <ConfigGUI>
    <Name>ddlHashMode</Name>
    <Text>Open Document Format (ODF) 1.2 (SHA-256, AES) (18400)</Text>
    <Value>18400</Value>
  </ConfigGUI>
  <ConfigGUI>
    <Name>ddlHashMode</Name>
    <Text>OpenCart (13900)</Text>
    <Value>13900</Value>
  </ConfigGUI>
  <ConfigGUI>
    <Name>ddlHashMode</Name>
    <Text>OpenEdge Progress Encode (26200)</Text>
    <Value>26200</Value>
  </ConfigGUI>
  <ConfigGUI>
    <Name>ddlHashMode</Name>
    <Text>Oracle H: Type (Oracle 7+) (3100)</Text>
    <Value>3100</Value>
  </ConfigGUI>
  <ConfigGUI>
    <Name>ddlHashMode</Name>
    <Text>Oracle S: Type (Oracle 11+) (112)</Text>
    <Value>112</Value>
  </ConfigGUI>
  <ConfigGUI>
    <Name>ddlHashMode</Name>
    <Text>Oracle T: Type (Oracle 12+) (12300)</Text>
    <Value>12300</Value>
  </ConfigGUI>
  <ConfigGUI>
    <Name>ddlHashMode</Name>
    <Text>Oracle Transportation Management (SHA256) (20600)</Text>
    <Value>20600</Value>
  </ConfigGUI>
  <ConfigGUI>
    <Name>ddlHashMode</Name>
    <Text>osCommerce, xt:Commerce (21)</Text>
    <Value>21</Value>
  </ConfigGUI>
  <ConfigGUI>
    <Name>ddlHashMode</Name>
    <Text>Password Safe v2 (9000)</Text>
    <Value>9000</Value>
  </ConfigGUI>
  <ConfigGUI>
    <Name>ddlHashMode</Name>
    <Text>Password Safe v3 (5200)</Text>
    <Value>5200</Value>
  </ConfigGUI>
  <ConfigGUI>
    <Name>ddlHashMode</Name>
    <Text>PBKDF2-HMAC-MD5 (11900)</Text>
    <Value>11900</Value>
  </ConfigGUI>
  <ConfigGUI>
    <Name>ddlHashMode</Name>
    <Text>PBKDF2-HMAC-SHA1 (12000)</Text>
    <Value>12000</Value>
  </ConfigGUI>
  <ConfigGUI>
    <Name>ddlHashMode</Name>
    <Text>PBKDF2-HMAC-SHA256 (10900)</Text>
    <Value>10900</Value>
  </ConfigGUI>
  <ConfigGUI>
    <Name>ddlHashMode</Name>
    <Text>PBKDF2-HMAC-SHA512 (12100)</Text>
    <Value>12100</Value>
  </ConfigGUI>
  <ConfigGUI>
    <Name>ddlHashMode</Name>
    <Text>PDF 1.1 - 1.3 (Acrobat 2 - 4) (10400)</Text>
    <Value>10400</Value>
  </ConfigGUI>
  <ConfigGUI>
    <Name>ddlHashMode</Name>
    <Text>PDF 1.1 - 1.3 (Acrobat 2 - 4), collider #1 (10410)</Text>
    <Value>10410</Value>
  </ConfigGUI>
  <ConfigGUI>
    <Name>ddlHashMode</Name>
    <Text>PDF 1.1 - 1.3 (Acrobat 2 - 4), collider #2 (10420)</Text>
    <Value>10420</Value>
  </ConfigGUI>
  <ConfigGUI>
    <Name>ddlHashMode</Name>
    <Text>PDF 1.4 - 1.6 (Acrobat 5 - 8) (10500)</Text>
    <Value>10500</Value>
  </ConfigGUI>
  <ConfigGUI>
    <Name>ddlHashMode</Name>
    <Text>PDF 1.4 - 1.6 (Acrobat 5 - 8) - edit password (25400)</Text>
    <Value>25400</Value>
  </ConfigGUI>
  <ConfigGUI>
    <Name>ddlHashMode</Name>
    <Text>PDF 1.7 Level 3 (Acrobat 9) (10600)</Text>
    <Value>10600</Value>
  </ConfigGUI>
  <ConfigGUI>
    <Name>ddlHashMode</Name>
    <Text>PDF 1.7 Level 8 (Acrobat 10 - 11) (10700)</Text>
    <Value>10700</Value>
  </ConfigGUI>
  <ConfigGUI>
    <Name>ddlHashMode</Name>
    <Text>PeopleSoft (133)</Text>
    <Value>133</Value>
  </ConfigGUI>
  <ConfigGUI>
    <Name>ddlHashMode</Name>
    <Text>PeopleSoft PS_TOKEN (13500)</Text>
    <Value>13500</Value>
  </ConfigGUI>
  <ConfigGUI>
    <Name>ddlHashMode</Name>
    <Text>phpass (400)</Text>
    <Value>400</Value>
  </ConfigGUI>
  <ConfigGUI>
    <Name>ddlHashMode</Name>
    <Text>PHPS (2612)</Text>
    <Value>2612</Value>
  </ConfigGUI>
  <ConfigGUI>
    <Name>ddlHashMode</Name>
    <Text>PKCS#8 Private Keys (PBKDF2-HMAC-SHA1 + 3DES/AES) (24410)</Text>
    <Value>24410</Value>
  </ConfigGUI>
  <ConfigGUI>
    <Name>ddlHashMode</Name>
    <Text>PKCS#8 Private Keys (PBKDF2-HMAC-SHA256 + 3DES/AES) (24420)</Text>
    <Value>24420</Value>
  </ConfigGUI>
  <ConfigGUI>
    <Name>ddlHashMode</Name>
    <Text>PKZIP (Compressed Multi-File) (17220)</Text>
    <Value>17220</Value>
  </ConfigGUI>
  <ConfigGUI>
    <Name>ddlHashMode</Name>
    <Text>PKZIP (Compressed) (17200)</Text>
    <Value>17200</Value>
  </ConfigGUI>
  <ConfigGUI>
    <Name>ddlHashMode</Name>
    <Text>PKZIP (Mixed Multi-File Checksum-Only) (17230)</Text>
    <Value>17230</Value>
  </ConfigGUI>
  <ConfigGUI>
    <Name>ddlHashMode</Name>
    <Text>PKZIP (Mixed Multi-File) (17225)</Text>
    <Value>17225</Value>
  </ConfigGUI>
  <ConfigGUI>
    <Name>ddlHashMode</Name>
    <Text>PKZIP (Uncompressed) (17210)</Text>
    <Value>17210</Value>
  </ConfigGUI>
  <ConfigGUI>
    <Name>ddlHashMode</Name>
    <Text>PKZIP Master Key (20500)</Text>
    <Value>20500</Value>
  </ConfigGUI>
  <ConfigGUI>
    <Name>ddlHashMode</Name>
    <Text>PKZIP Master Key (6 byte optimization) (20510)</Text>
    <Value>20510</Value>
  </ConfigGUI>
  <ConfigGUI>
    <Name>ddlHashMode</Name>
    <Text>Plaintext (99999)</Text>
    <Value>99999</Value>
  </ConfigGUI>
  <ConfigGUI>
    <Name>ddlHashMode</Name>
    <Text>PostgreSQL (12)</Text>
    <Value>12</Value>
  </ConfigGUI>
  <ConfigGUI>
    <Name>ddlHashMode</Name>
    <Text>PostgreSQL CRAM (MD5) (11100)</Text>
    <Value>11100</Value>
  </ConfigGUI>
  <ConfigGUI>
    <Name>ddlHashMode</Name>
    <Text>PrestaShop (11000)</Text>
    <Value>11000</Value>
  </ConfigGUI>
  <ConfigGUI>
    <Name>ddlHashMode</Name>
    <Text>PunBB (4522)</Text>
    <Value>4522</Value>
  </ConfigGUI>
  <ConfigGUI>
    <Name>ddlHashMode</Name>
    <Text>Python passlib pbkdf2-sha1 (20400)</Text>
    <Value>20400</Value>
  </ConfigGUI>
  <ConfigGUI>
    <Name>ddlHashMode</Name>
    <Text>Python passlib pbkdf2-sha256 (20300)</Text>
    <Value>20300</Value>
  </ConfigGUI>
  <ConfigGUI>
    <Name>ddlHashMode</Name>
    <Text>Python passlib pbkdf2-sha512 (20200)</Text>
    <Value>20200</Value>
  </ConfigGUI>
  <ConfigGUI>
    <Name>ddlHashMode</Name>
    <Text>QNX /etc/shadow (MD5) (19000)</Text>
    <Value>19000</Value>
  </ConfigGUI>
  <ConfigGUI>
    <Name>ddlHashMode</Name>
    <Text>QNX /etc/shadow (SHA256) (19100)</Text>
    <Value>19100</Value>
  </ConfigGUI>
  <ConfigGUI>
    <Name>ddlHashMode</Name>
    <Text>QNX /etc/shadow (SHA512) (19200)</Text>
    <Value>19200</Value>
  </ConfigGUI>
  <ConfigGUI>
    <Name>ddlHashMode</Name>
    <Text>RACF (8500)</Text>
    <Value>8500</Value>
  </ConfigGUI>
  <ConfigGUI>
    <Name>ddlHashMode</Name>
    <Text>Radmin2 (9900)</Text>
    <Value>9900</Value>
  </ConfigGUI>
  <ConfigGUI>
    <Name>ddlHashMode</Name>
    <Text>RAR3-hp (12500)</Text>
    <Value>12500</Value>
  </ConfigGUI>
  <ConfigGUI>
    <Name>ddlHashMode</Name>
    <Text>RAR3-p (Compressed) (23800)</Text>
    <Value>23800</Value>
  </ConfigGUI>
  <ConfigGUI>
    <Name>ddlHashMode</Name>
    <Text>RAR3-p (Uncompressed) (23700)</Text>
    <Value>23700</Value>
  </ConfigGUI>
  <ConfigGUI>
    <Name>ddlHashMode</Name>
    <Text>RAR5 (13000)</Text>
    <Value>13000</Value>
  </ConfigGUI>
  <ConfigGUI>
    <Name>ddlHashMode</Name>
    <Text>RedHat 389-DS LDAP (PBKDF2-HMAC-SHA256) (10901)</Text>
    <Value>10901</Value>
  </ConfigGUI>
  <ConfigGUI>
    <Name>ddlHashMode</Name>
    <Text>Redmine (4521)</Text>
    <Value>4521</Value>
  </ConfigGUI>
  <ConfigGUI>
    <Name>ddlHashMode</Name>
    <Text>RIPEMD-160 (6000)</Text>
    <Value>6000</Value>
  </ConfigGUI>
  <ConfigGUI>
    <Name>ddlHashMode</Name>
    <Text>RSA/DSA/EC/OpenSSH Private Keys ($0$) (22911)</Text>
    <Value>22911</Value>
  </ConfigGUI>
  <ConfigGUI>
    <Name>ddlHashMode</Name>
    <Text>RSA/DSA/EC/OpenSSH Private Keys ($1, $3$) (22931)</Text>
    <Value>22931</Value>
  </ConfigGUI>
  <ConfigGUI>
    <Name>ddlHashMode</Name>
    <Text>RSA/DSA/EC/OpenSSH Private Keys ($4$) (22941)</Text>
    <Value>22941</Value>
  </ConfigGUI>
  <ConfigGUI>
    <Name>ddlHashMode</Name>
    <Text>RSA/DSA/EC/OpenSSH Private Keys ($5$) (22951)</Text>
    <Value>22951</Value>
  </ConfigGUI>
  <ConfigGUI>
    <Name>ddlHashMode</Name>
    <Text>RSA/DSA/EC/OpenSSH Private Keys ($6$) (22921)</Text>
    <Value>22921</Value>
  </ConfigGUI>
  <ConfigGUI>
    <Name>ddlHashMode</Name>
    <Text>Ruby on Rails Restful-Authentication (19500)</Text>
    <Value>19500</Value>
  </ConfigGUI>
  <ConfigGUI>
    <Name>ddlHashMode</Name>
    <Text>Samsung Android Password/PIN (5800)</Text>
    <Value>5800</Value>
  </ConfigGUI>
  <ConfigGUI>
    <Name>ddlHashMode</Name>
    <Text>SAP CODVN B (BCODE) (7700)</Text>
    <Value>7700</Value>
  </ConfigGUI>
  <ConfigGUI>
    <Name>ddlHashMode</Name>
    <Text>SAP CODVN B (BCODE) from RFC_READ_TABLE (7701)</Text>
    <Value>7701</Value>
  </ConfigGUI>
  <ConfigGUI>
    <Name>ddlHashMode</Name>
    <Text>SAP CODVN F/G (PASSCODE) (7800)</Text>
    <Value>7800</Value>
  </ConfigGUI>
  <ConfigGUI>
    <Name>ddlHashMode</Name>
    <Text>SAP CODVN F/G (PASSCODE) from RFC_READ_TABLE (7801)</Text>
    <Value>7801</Value>
  </ConfigGUI>
  <ConfigGUI>
    <Name>ddlHashMode</Name>
    <Text>SAP CODVN H (PWDSALTEDHASH) iSSHA-1 (10300)</Text>
    <Value>10300</Value>
  </ConfigGUI>
  <ConfigGUI>
    <Name>ddlHashMode</Name>
    <Text>scrypt (8900)</Text>
    <Value>8900</Value>
  </ConfigGUI>
  <ConfigGUI>
    <Name>ddlHashMode</Name>
    <Text>SecureZIP AES-128 (23001)</Text>
    <Value>23001</Value>
  </ConfigGUI>
  <ConfigGUI>
    <Name>ddlHashMode</Name>
    <Text>SecureZIP AES-192 (23002)</Text>
    <Value>23002</Value>
  </ConfigGUI>
  <ConfigGUI>
    <Name>ddlHashMode</Name>
    <Text>SecureZIP AES-256 (23003)</Text>
    <Value>23003</Value>
  </ConfigGUI>
  <ConfigGUI>
    <Name>ddlHashMode</Name>
    <Text>SHA1 (100)</Text>
    <Value>100</Value>
  </ConfigGUI>
  <ConfigGUI>
    <Name>ddlHashMode</Name>
    <Text>sha1($pass.$salt) (110)</Text>
    <Value>110</Value>
  </ConfigGUI>
  <ConfigGUI>
    <Name>ddlHashMode</Name>
    <Text>sha1($salt.$pass) (120)</Text>
    <Value>120</Value>
  </ConfigGUI>
  <ConfigGUI>
    <Name>ddlHashMode</Name>
    <Text>sha1($salt.$pass.$salt) (4900)</Text>
    <Value>4900</Value>
  </ConfigGUI>
  <ConfigGUI>
    <Name>ddlHashMode</Name>
    <Text>sha1($salt.sha1($pass)) (4520)</Text>
    <Value>4520</Value>
  </ConfigGUI>
  <ConfigGUI>
    <Name>ddlHashMode</Name>
    <Text>sha1($salt.sha1($pass.$salt)) (24300)</Text>
    <Value>24300</Value>
  </ConfigGUI>
  <ConfigGUI>
    <Name>ddlHashMode</Name>
    <Text>sha1($salt.utf16le($pass)) (140)</Text>
    <Value>140</Value>
  </ConfigGUI>
  <ConfigGUI>
    <Name>ddlHashMode</Name>
    <Text>sha1($salt1.$pass.$salt2) (19300)</Text>
    <Value>19300</Value>
  </ConfigGUI>
  <ConfigGUI>
    <Name>ddlHashMode</Name>
    <Text>sha1(CX) (14400)</Text>
    <Value>14400</Value>
  </ConfigGUI>
  <ConfigGUI>
    <Name>ddlHashMode</Name>
    <Text>sha1(md5($pass)) (4700)</Text>
    <Value>4700</Value>
  </ConfigGUI>
  <ConfigGUI>
    <Name>ddlHashMode</Name>
    <Text>sha1(md5($pass).$salt) (4710)</Text>
    <Value>4710</Value>
  </ConfigGUI>
  <ConfigGUI>
    <Name>ddlHashMode</Name>
    <Text>sha1(md5($pass.$salt)) (21100)</Text>
    <Value>21100</Value>
  </ConfigGUI>
  <ConfigGUI>
    <Name>ddlHashMode</Name>
    <Text>sha1(md5(md5($pass))) (18500)</Text>
    <Value>18500</Value>
  </ConfigGUI>
  <ConfigGUI>
    <Name>ddlHashMode</Name>
    <Text>sha1(sha1($pass)) (4500)</Text>
    <Value>4500</Value>
  </ConfigGUI>
  <ConfigGUI>
    <Name>ddlHashMode</Name>
    <Text>sha1(sha1($pass).$salt) (4510)</Text>
    <Value>4510</Value>
  </ConfigGUI>
  <ConfigGUI>
    <Name>ddlHashMode</Name>
    <Text>sha1(sha1($salt.$pass.$salt)) (5000)</Text>
    <Value>5000</Value>
  </ConfigGUI>
  <ConfigGUI>
    <Name>ddlHashMode</Name>
    <Text>sha1(utf16le($pass)) (170)</Text>
    <Value>170</Value>
  </ConfigGUI>
  <ConfigGUI>
    <Name>ddlHashMode</Name>
    <Text>sha1(utf16le($pass).$salt) (130)</Text>
    <Value>130</Value>
  </ConfigGUI>
  <ConfigGUI>
    <Name>ddlHashMode</Name>
    <Text>SHA2-224 (1300)</Text>
    <Value>1300</Value>
  </ConfigGUI>
  <ConfigGUI>
    <Name>ddlHashMode</Name>
    <Text>SHA2-256 (1400)</Text>
    <Value>1400</Value>
  </ConfigGUI>
  <ConfigGUI>
    <Name>ddlHashMode</Name>
    <Text>SHA2-384 (10800)</Text>
    <Value>10800</Value>
  </ConfigGUI>
  <ConfigGUI>
    <Name>ddlHashMode</Name>
    <Text>SHA2-512 (1700)</Text>
    <Value>1700</Value>
  </ConfigGUI>
  <ConfigGUI>
    <Name>ddlHashMode</Name>
    <Text>sha256($pass.$salt) (1410)</Text>
    <Value>1410</Value>
  </ConfigGUI>
  <ConfigGUI>
    <Name>ddlHashMode</Name>
    <Text>sha256($salt.$pass) (1420)</Text>
    <Value>1420</Value>
  </ConfigGUI>
  <ConfigGUI>
    <Name>ddlHashMode</Name>
    <Text>sha256($salt.$pass.$salt) (22300)</Text>
    <Value>22300</Value>
  </ConfigGUI>
  <ConfigGUI>
    <Name>ddlHashMode</Name>
    <Text>sha256($salt.sha256($pass)) (20720)</Text>
    <Value>20720</Value>
  </ConfigGUI>
  <ConfigGUI>
    <Name>ddlHashMode</Name>
    <Text>sha256($salt.utf16le($pass)) (1440)</Text>
    <Value>1440</Value>
  </ConfigGUI>
  <ConfigGUI>
    <Name>ddlHashMode</Name>
    <Text>sha256(md5($pass)) (20800)</Text>
    <Value>20800</Value>
  </ConfigGUI>
  <ConfigGUI>
    <Name>ddlHashMode</Name>
    <Text>sha256(sha256($pass).$salt) (20710)</Text>
    <Value>20710</Value>
  </ConfigGUI>
  <ConfigGUI>
    <Name>ddlHashMode</Name>
    <Text>sha256(sha256_bin($pass)) (21400)</Text>
    <Value>21400</Value>
  </ConfigGUI>
  <ConfigGUI>
    <Name>ddlHashMode</Name>
    <Text>sha256(utf16le($pass)) (1470)</Text>
    <Value>1470</Value>
  </ConfigGUI>
  <ConfigGUI>
    <Name>ddlHashMode</Name>
    <Text>sha256(utf16le($pass).$salt) (1430)</Text>
    <Value>1430</Value>
  </ConfigGUI>
  <ConfigGUI>
    <Name>ddlHashMode</Name>
    <Text>sha256crypt $5$, SHA256 (Unix) (7400)</Text>
    <Value>7400</Value>
  </ConfigGUI>
  <ConfigGUI>
    <Name>ddlHashMode</Name>
    <Text>SHA3-224 (17300)</Text>
    <Value>17300</Value>
  </ConfigGUI>
  <ConfigGUI>
    <Name>ddlHashMode</Name>
    <Text>SHA3-256 (17400)</Text>
    <Value>17400</Value>
  </ConfigGUI>
  <ConfigGUI>
    <Name>ddlHashMode</Name>
    <Text>SHA3-384 (17500)</Text>
    <Value>17500</Value>
  </ConfigGUI>
  <ConfigGUI>
    <Name>ddlHashMode</Name>
    <Text>SHA3-512 (17600)</Text>
    <Value>17600</Value>
  </ConfigGUI>
  <ConfigGUI>
    <Name>ddlHashMode</Name>
    <Text>sha384($pass.$salt) (10810)</Text>
    <Value>10810</Value>
  </ConfigGUI>
  <ConfigGUI>
    <Name>ddlHashMode</Name>
    <Text>sha384($salt.$pass) (10820)</Text>
    <Value>10820</Value>
  </ConfigGUI>
  <ConfigGUI>
    <Name>ddlHashMode</Name>
    <Text>sha384($salt.utf16le($pass)) (10840)</Text>
    <Value>10840</Value>
  </ConfigGUI>
  <ConfigGUI>
    <Name>ddlHashMode</Name>
    <Text>sha384(utf16le($pass)) (10870)</Text>
    <Value>10870</Value>
  </ConfigGUI>
  <ConfigGUI>
    <Name>ddlHashMode</Name>
    <Text>sha384(utf16le($pass).$salt) (10830)</Text>
    <Value>10830</Value>
  </ConfigGUI>
  <ConfigGUI>
    <Name>ddlHashMode</Name>
    <Text>sha512($pass.$salt) (1710)</Text>
    <Value>1710</Value>
  </ConfigGUI>
  <ConfigGUI>
    <Name>ddlHashMode</Name>
    <Text>sha512($salt.$pass) (1720)</Text>
    <Value>1720</Value>
  </ConfigGUI>
  <ConfigGUI>
    <Name>ddlHashMode</Name>
    <Text>sha512($salt.utf16le($pass)) (1740)</Text>
    <Value>1740</Value>
  </ConfigGUI>
  <ConfigGUI>
    <Name>ddlHashMode</Name>
    <Text>sha512(utf16le($pass)) (1770)</Text>
    <Value>1770</Value>
  </ConfigGUI>
  <ConfigGUI>
    <Name>ddlHashMode</Name>
    <Text>sha512(utf16le($pass).$salt) (1730)</Text>
    <Value>1730</Value>
  </ConfigGUI>
  <ConfigGUI>
    <Name>ddlHashMode</Name>
    <Text>sha512crypt $6$, SHA512 (Unix) (1800)</Text>
    <Value>1800</Value>
  </ConfigGUI>
  <ConfigGUI>
    <Name>ddlHashMode</Name>
    <Text>SIP digest authentication (MD5) (11400)</Text>
    <Value>11400</Value>
  </ConfigGUI>
  <ConfigGUI>
    <Name>ddlHashMode</Name>
    <Text>SipHash (10100)</Text>
    <Value>10100</Value>
  </ConfigGUI>
  <ConfigGUI>
    <Name>ddlHashMode</Name>
    <Text>Skip32 (PT = $salt, key = $pass) (14900)</Text>
    <Value>14900</Value>
  </ConfigGUI>
  <ConfigGUI>
    <Name>ddlHashMode</Name>
    <Text>Skype (23)</Text>
    <Value>23</Value>
  </ConfigGUI>
  <ConfigGUI>
    <Name>ddlHashMode</Name>
    <Text>SMF (Simple Machines Forum) &gt; v1.1 (121)</Text>
    <Value>121</Value>
  </ConfigGUI>
  <ConfigGUI>
    <Name>ddlHashMode</Name>
    <Text>SolarWinds Orion (21500)</Text>
    <Value>21500</Value>
  </ConfigGUI>
  <ConfigGUI>
    <Name>ddlHashMode</Name>
    <Text>SolarWinds Orion v2 (21501)</Text>
    <Value>21501</Value>
  </ConfigGUI>
  <ConfigGUI>
    <Name>ddlHashMode</Name>
    <Text>SolarWinds Serv-U (24)</Text>
    <Value>24</Value>
  </ConfigGUI>
  <ConfigGUI>
    <Name>ddlHashMode</Name>
    <Text>SQLCipher (24600)</Text>
    <Value>24600</Value>
  </ConfigGUI>
  <ConfigGUI>
    <Name>ddlHashMode</Name>
    <Text>SSHA-256(Base64), LDAP {SSHA256} (1411)</Text>
    <Value>1411</Value>
  </ConfigGUI>
  <ConfigGUI>
    <Name>ddlHashMode</Name>
    <Text>SSHA-512(Base64), LDAP {SSHA512} (1711)</Text>
    <Value>1711</Value>
  </ConfigGUI>
  <ConfigGUI>
    <Name>ddlHashMode</Name>
    <Text>Stargazer Stellar Wallet XLM (25500)</Text>
    <Value>25500</Value>
  </ConfigGUI>
  <ConfigGUI>
    <Name>ddlHashMode</Name>
    <Text>STDOUT (2000)</Text>
    <Value>2000</Value>
  </ConfigGUI>
  <ConfigGUI>
    <Name>ddlHashMode</Name>
    <Text>Stuffit5 (24700)</Text>
    <Value>24700</Value>
  </ConfigGUI>
  <ConfigGUI>
    <Name>ddlHashMode</Name>
    <Text>Sybase ASE (8000)</Text>
    <Value>8000</Value>
  </ConfigGUI>
  <ConfigGUI>
    <Name>ddlHashMode</Name>
    <Text>TACACS+ (16100)</Text>
    <Value>16100</Value>
  </ConfigGUI>
  <ConfigGUI>
    <Name>ddlHashMode</Name>
    <Text>Telegram Desktop &lt; v2.1.14 (PBKDF2-HMAC-SHA1) (22600)</Text>
    <Value>22600</Value>
  </ConfigGUI>
  <ConfigGUI>
    <Name>ddlHashMode</Name>
    <Text>Telegram Desktop &gt;= v2.1.14 (PBKDF2-HMAC-SHA512) (24500)</Text>
    <Value>24500</Value>
  </ConfigGUI>
  <ConfigGUI>
    <Name>ddlHashMode</Name>
    <Text>Telegram Mobile App Passcode (SHA256) (22301)</Text>
    <Value>22301</Value>
  </ConfigGUI>
  <ConfigGUI>
    <Name>ddlHashMode</Name>
    <Text>TOTP (HMAC-SHA1) (18100)</Text>
    <Value>18100</Value>
  </ConfigGUI>
  <ConfigGUI>
    <Name>ddlHashMode</Name>
    <Text>Tripcode (16000)</Text>
    <Value>16000</Value>
  </ConfigGUI>
  <ConfigGUI>
    <Name>ddlHashMode</Name>
    <Text>TrueCrypt RIPEMD160 + XTS 1024 bit (6212)</Text>
    <Value>6212</Value>
  </ConfigGUI>
  <ConfigGUI>
    <Name>ddlHashMode</Name>
    <Text>TrueCrypt RIPEMD160 + XTS 1024 bit + boot-mode (6242)</Text>
    <Value>6242</Value>
  </ConfigGUI>
  <ConfigGUI>
    <Name>ddlHashMode</Name>
    <Text>TrueCrypt RIPEMD160 + XTS 1536 bit (6213)</Text>
    <Value>6213</Value>
  </ConfigGUI>
  <ConfigGUI>
    <Name>ddlHashMode</Name>
    <Text>TrueCrypt RIPEMD160 + XTS 1536 bit + boot-mode (6243)</Text>
    <Value>6243</Value>
  </ConfigGUI>
  <ConfigGUI>
    <Name>ddlHashMode</Name>
    <Text>TrueCrypt RIPEMD160 + XTS 512 bit (6211)</Text>
    <Value>6211</Value>
  </ConfigGUI>
  <ConfigGUI>
    <Name>ddlHashMode</Name>
    <Text>TrueCrypt RIPEMD160 + XTS 512 bit + boot-mode (6241)</Text>
    <Value>6241</Value>
  </ConfigGUI>
  <ConfigGUI>
    <Name>ddlHashMode</Name>
    <Text>TrueCrypt SHA512 + XTS 1024 bit (6222)</Text>
    <Value>6222</Value>
  </ConfigGUI>
  <ConfigGUI>
    <Name>ddlHashMode</Name>
    <Text>TrueCrypt SHA512 + XTS 1536 bit (6223)</Text>
    <Value>6223</Value>
  </ConfigGUI>
  <ConfigGUI>
    <Name>ddlHashMode</Name>
    <Text>TrueCrypt SHA512 + XTS 512 bit (6221)</Text>
    <Value>6221</Value>
  </ConfigGUI>
  <ConfigGUI>
    <Name>ddlHashMode</Name>
    <Text>TrueCrypt Whirlpool + XTS 1024 bit (6232)</Text>
    <Value>6232</Value>
  </ConfigGUI>
  <ConfigGUI>
    <Name>ddlHashMode</Name>
    <Text>TrueCrypt Whirlpool + XTS 1536 bit (6233)</Text>
    <Value>6233</Value>
  </ConfigGUI>
  <ConfigGUI>
    <Name>ddlHashMode</Name>
    <Text>TrueCrypt Whirlpool + XTS 512 bit (6231)</Text>
    <Value>6231</Value>
  </ConfigGUI>
  <ConfigGUI>
    <Name>ddlHashMode</Name>
    <Text>Umbraco HMAC-SHA1 (24800)</Text>
    <Value>24800</Value>
  </ConfigGUI>
  <ConfigGUI>
    <Name>ddlHashMode</Name>
    <Text>vBulletin &lt; v3.8.5 (2611)</Text>
    <Value>2611</Value>
  </ConfigGUI>
  <ConfigGUI>
    <Name>ddlHashMode</Name>
    <Text>vBulletin &gt;= v3.8.5 (2711)</Text>
    <Value>2711</Value>
  </ConfigGUI>
  <ConfigGUI>
    <Name>ddlHashMode</Name>
    <Text>VeraCrypt RIPEMD160 + XTS 1024 bit (13712)</Text>
    <Value>13712</Value>
  </ConfigGUI>
  <ConfigGUI>
    <Name>ddlHashMode</Name>
    <Text>VeraCrypt RIPEMD160 + XTS 1024 bit + boot-mode (13742)</Text>
    <Value>13742</Value>
  </ConfigGUI>
  <ConfigGUI>
    <Name>ddlHashMode</Name>
    <Text>VeraCrypt RIPEMD160 + XTS 1536 bit (13713)</Text>
    <Value>13713</Value>
  </ConfigGUI>
  <ConfigGUI>
    <Name>ddlHashMode</Name>
    <Text>VeraCrypt RIPEMD160 + XTS 1536 bit + boot-mode (13743)</Text>
    <Value>13743</Value>
  </ConfigGUI>
  <ConfigGUI>
    <Name>ddlHashMode</Name>
    <Text>VeraCrypt RIPEMD160 + XTS 512 bit (13711)</Text>
    <Value>13711</Value>
  </ConfigGUI>
  <ConfigGUI>
    <Name>ddlHashMode</Name>
    <Text>VeraCrypt RIPEMD160 + XTS 512 bit + boot-mode (13741)</Text>
    <Value>13741</Value>
  </ConfigGUI>
  <ConfigGUI>
    <Name>ddlHashMode</Name>
    <Text>VeraCrypt SHA256 + XTS 1024 bit (13752)</Text>
    <Value>13752</Value>
  </ConfigGUI>
  <ConfigGUI>
    <Name>ddlHashMode</Name>
    <Text>VeraCrypt SHA256 + XTS 1024 bit + boot-mode (13762)</Text>
    <Value>13762</Value>
  </ConfigGUI>
  <ConfigGUI>
    <Name>ddlHashMode</Name>
    <Text>VeraCrypt SHA256 + XTS 1536 bit (13753)</Text>
    <Value>13753</Value>
  </ConfigGUI>
  <ConfigGUI>
    <Name>ddlHashMode</Name>
    <Text>VeraCrypt SHA256 + XTS 1536 bit + boot-mode (13763)</Text>
    <Value>13763</Value>
  </ConfigGUI>
  <ConfigGUI>
    <Name>ddlHashMode</Name>
    <Text>VeraCrypt SHA256 + XTS 512 bit (13751)</Text>
    <Value>13751</Value>
  </ConfigGUI>
  <ConfigGUI>
    <Name>ddlHashMode</Name>
    <Text>VeraCrypt SHA256 + XTS 512 bit + boot-mode (13761)</Text>
    <Value>13761</Value>
  </ConfigGUI>
  <ConfigGUI>
    <Name>ddlHashMode</Name>
    <Text>VeraCrypt SHA512 + XTS 1024 bit (13722)</Text>
    <Value>13722</Value>
  </ConfigGUI>
  <ConfigGUI>
    <Name>ddlHashMode</Name>
    <Text>VeraCrypt SHA512 + XTS 1536 bit (13723)</Text>
    <Value>13723</Value>
  </ConfigGUI>
  <ConfigGUI>
    <Name>ddlHashMode</Name>
    <Text>VeraCrypt SHA512 + XTS 512 bit (13721)</Text>
    <Value>13721</Value>
  </ConfigGUI>
  <ConfigGUI>
    <Name>ddlHashMode</Name>
    <Text>VeraCrypt Streebog-512 + XTS 1024 bit (13772)</Text>
    <Value>13772</Value>
  </ConfigGUI>
  <ConfigGUI>
    <Name>ddlHashMode</Name>
    <Text>VeraCrypt Streebog-512 + XTS 1536 bit (13773)</Text>
    <Value>13773</Value>
  </ConfigGUI>
  <ConfigGUI>
    <Name>ddlHashMode</Name>
    <Text>VeraCrypt Streebog-512 + XTS 512 bit (13771)</Text>
    <Value>13771</Value>
  </ConfigGUI>
  <ConfigGUI>
    <Name>ddlHashMode</Name>
    <Text>VeraCrypt Whirlpool + XTS 1024 bit (13732)</Text>
    <Value>13732</Value>
  </ConfigGUI>
  <ConfigGUI>
    <Name>ddlHashMode</Name>
    <Text>VeraCrypt Whirlpool + XTS 1536 bit (13733)</Text>
    <Value>13733</Value>
  </ConfigGUI>
  <ConfigGUI>
    <Name>ddlHashMode</Name>
    <Text>VeraCrypt Whirlpool + XTS 512 bit (13731)</Text>
    <Value>13731</Value>
  </ConfigGUI>
  <ConfigGUI>
    <Name>ddlHashMode</Name>
    <Text>WBB3 (Woltlab Burning Board) (8400)</Text>
    <Value>8400</Value>
  </ConfigGUI>
  <ConfigGUI>
    <Name>ddlHashMode</Name>
    <Text>Web2py pbkdf2-sha512 (21600)</Text>
    <Value>21600</Value>
  </ConfigGUI>
  <ConfigGUI>
    <Name>ddlHashMode</Name>
    <Text>Whirlpool (6100)</Text>
    <Value>6100</Value>
  </ConfigGUI>
  <ConfigGUI>
    <Name>ddlHashMode</Name>
    <Text>Windows Phone 8+ PIN/password (13800)</Text>
    <Value>13800</Value>
  </ConfigGUI>
  <ConfigGUI>
    <Name>ddlHashMode</Name>
    <Text>WinZip (13600)</Text>
    <Value>13600</Value>
  </ConfigGUI>
  <ConfigGUI>
    <Name>ddlHashMode</Name>
    <Text>WPA-EAPOL-PBKDF2 (2500)</Text>
    <Value>2500</Value>
  </ConfigGUI>
  <ConfigGUI>
    <Name>ddlHashMode</Name>
    <Text>WPA-EAPOL-PMK (2501)</Text>
    <Value>2501</Value>
  </ConfigGUI>
  <ConfigGUI>
    <Name>ddlHashMode</Name>
    <Text>WPA-PBKDF2-PMKID+EAPOL (22000)</Text>
    <Value>22000</Value>
  </ConfigGUI>
  <ConfigGUI>
    <Name>ddlHashMode</Name>
    <Text>WPA-PMKID-PBKDF2 (16800)</Text>
    <Value>16800</Value>
  </ConfigGUI>
  <ConfigGUI>
    <Name>ddlHashMode</Name>
    <Text>WPA-PMKID-PMK (16801)</Text>
    <Value>16801</Value>
  </ConfigGUI>
  <ConfigGUI>
    <Name>ddlHashMode</Name>
    <Text>WPA-PMK-PMKID+EAPOL (22001)</Text>
    <Value>22001</Value>
  </ConfigGUI>
  <ConfigGUI>
    <Name>ddlHashMode</Name>
    <Text>XMPP SCRAM PBKDF2-SHA1 (23200)</Text>
    <Value>23200</Value>
  </ConfigGUI>
  <ConfigGUI>
    <Name>btnClip</Name>
    <Text>Clipboard</Text>
  </ConfigGUI>
  <ConfigGUI>
    <Name>chkRemove</Name>
    <Text>Remove found hashes</Text>
    <Value>t</Value>
  </ConfigGUI>
  <ConfigGUI>
    <Name>txtSeparator</Name>
    <Text>:</Text>
  </ConfigGUI>
  <ConfigGUI>
    <Name>lblSeparatorPlus</Name>
    <Text>Separator:</Text>
  </ConfigGUI>
  <ConfigGUI>
    <Name>ddlInputFile</Name>
    <Text>$text$</Text>
  </ConfigGUI>
  <ConfigGUI>
    <Name>lblInputFile</Name>
    <Text>Input File:</Text>
  </ConfigGUI>
  <ConfigGUI>
    <Name>chkCPUOnly</Name>
    <Text>CPU only</Text>
    <Value>f</Value>
  </ConfigGUI>
  <ConfigGUI>
    <Name>chkStatus</Name>
    <Text>Automatic update of the status-screen (60 secs)</Text>
    <Value>t</Value>
  </ConfigGUI>
  <ConfigGUI>
    <Name>chkCharHex</Name>
    <Text>Assume charset given in hex</Text>
    <Value>f</Value>
  </ConfigGUI>
  <ConfigGUI>
    <Name>chkSaltHex</Name>
    <Text>Assume salt given in hex</Text>
    <Value>f</Value>
  </ConfigGUI>
  <ConfigGUI>
    <Name>btnOutputFind</Name>
    <Text>...</Text>
  </ConfigGUI>
  <ConfigGUI>
    <Name>chkWarnings</Name>
    <Text>Ignore Warnings (--force)</Text>
    <Value>f</Value>
  </ConfigGUI>
  <ConfigGUI>
    <Name>chkOutput</Name>
    <Text>Output:</Text>
    <Value>t</Value>
  </ConfigGUI>
  <ConfigGUI>
    <Name>btnHashcatFind</Name>
    <Text>...</Text>
  </ConfigGUI>
  <ConfigGUI>
    <Name>ddlHashcatPath</Name>
    <Text>$text$</Text>
  </ConfigGUI>
  <ConfigGUI>
    <Name>lblHashcatPath</Name>
    <Text>Hashcat Path:</Text>
  </ConfigGUI>
  <ConfigGUI>
    <Name>btnStart</Name>
    <Text>Reverse Engineer</Text>
  </ConfigGUI>
  <ConfigGUI>
    <Name>lblFormatPlus</Name>
    <Text>Format:</Text>
  </ConfigGUI>
  <ConfigGUI>
    <Name>ddlFormat</Name>
    <Text>hash[:salt]:plain</Text>
    <Value>1,2</Value>
  </ConfigGUI>
  <ConfigGUI>
    <Name>ddlOutputFile</Name>
    <Text>$text$</Text>
  </ConfigGUI>
  <ConfigGUI>
    <Name>chkSlowCand</Name>
    <Text>Slow Candidates</Text>
    <Value>t</Value>
  </ConfigGUI>
  <ConfigGUI>
    <Name>tabHashcat</Name>
    <Text>Hashcat</Text>
  </ConfigGUI>
  <ConfigGUI>
    <Name>tabWordlists</Name>
    <Text>Wordlists</Text>
  </ConfigGUI>
  <ConfigGUI>
    <Name>tabCommand</Name>
    <Text>Command Line &amp; Markov</Text>
  </ConfigGUI>
  <ConfigGUI>
    <Name>tabBatch</Name>
    <Text>Batch Job</Text>
  </ConfigGUI>
  <ConfigGUI>
    <Name>tabHelp</Name>
    <Text>Help</Text>
  </ConfigGUI>
  <ConfigGUI>
    <Name>tabAbout</Name>
    <Text>About</Text>
  </ConfigGUI>
  <ConfigGUI>
    <Name>grpSessionName</Name>
    <Text>Session Name</Text>
  </ConfigGUI>
  <ConfigGUI>
    <Name>grpGPUPlus</Name>
    <Text>GPU Options</Text>
  </ConfigGUI>
  <ConfigGUI>
    <Name>lblWordlistHint</Name>
    <Text>Hint: You can drag and drop your word-lists.</Text>
  </ConfigGUI>
  <ConfigGUI>
    <Name>lblShortcuts</Name>
    <Text>Shortcuts:

Ctrl + Up
Ctrl + Dn
Ctrl + A
Del</Text>
  </ConfigGUI>
  <ConfigGUI>
    <Name>btnWLRemAll</Name>
    <Text>Remove All</Text>
  </ConfigGUI>
  <ConfigGUI>
    <Name>btnWLRemove</Name>
    <Text>Remove</Text>
  </ConfigGUI>
  <ConfigGUI>
    <Name>btnWLAdd</Name>
    <Text>Add Wordlists...</Text>
  </ConfigGUI>
  <ConfigGUI>
    <Name>lblWordlistsWL</Name>
    <Text>Wordlists:</Text>
  </ConfigGUI>
  <ConfigGUI>
    <Name>btnUp</Name>
    <Text />
  </ConfigGUI>
  <ConfigGUI>
    <Name>btnDn</Name>
    <Text />
  </ConfigGUI>
  <ConfigGUI>
    <Name>btnCmdClear</Name>
    <Text>Clear</Text>
  </ConfigGUI>
  <ConfigGUI>
    <Name>chkMarkov</Name>
    <Text>Markov:</Text>
    <Value>f</Value>
  </ConfigGUI>
  <ConfigGUI>
    <Name>btnMarkov</Name>
    <Text>...</Text>
  </ConfigGUI>
  <ConfigGUI>
    <Name>ddlMarkovFile</Name>
    <Text>$text$</Text>
  </ConfigGUI>
  <ConfigGUI>
    <Name>btnBench</Name>
    <Text>Benchmark</Text>
  </ConfigGUI>
  <ConfigGUI>
    <Name>btnRun</Name>
    <Text>Run</Text>
  </ConfigGUI>
  <ConfigGUI>
    <Name>btnGenerate</Name>
    <Text>Generate</Text>
  </ConfigGUI>
  <ConfigGUI>
    <Name>btnBatchAddDir</Name>
    <Text>Batch add from directory</Text>
  </ConfigGUI>
  <ConfigGUI>
    <Name>btnBatchClear</Name>
    <Text>Clear</Text>
  </ConfigGUI>
  <ConfigGUI>
    <Name>btnBatchRun</Name>
    <Text>Run</Text>
  </ConfigGUI>
  <ConfigGUI>
    <Name>txtBatch</Name>
    <Text />
  </ConfigGUI>
  <ConfigGUI>
    <Name>btnBatchAdd</Name>
    <Text>Add from hashcat</Text>
  </ConfigGUI>
  <ConfigGUI>
    <Name>txtSessionName</Name>
    <Text>2021-07-10</Text>
  </ConfigGUI>
  <ConfigGUI>
    <Name>ddlWorkload</Name>
    <Text>Low (Minimal)</Text>
    <Value>1</Value>
  </ConfigGUI>
  <ConfigGUI>
    <Name>lblGPUWorkload</Name>
    <Text>Workload Profile:</Text>
  </ConfigGUI>
  <ConfigGUI>
    <Name>ddlMarkov</Name>
    <Text>$text$Off</Text>
  </ConfigGUI>
  <ConfigGUI>
    <Name>ddlMarkov</Name>
    <Text>Off</Text>
    <Value>Off</Value>
  </ConfigGUI>
  <ConfigGUI>
    <Name>ddlMarkov</Name>
    <Text>2</Text>
    <Value>2</Value>
  </ConfigGUI>
  <ConfigGUI>
    <Name>ddlMarkov</Name>
    <Text>4</Text>
    <Value>4</Value>
  </ConfigGUI>
  <ConfigGUI>
    <Name>ddlMarkov</Name>
    <Text>8</Text>
    <Value>8</Value>
  </ConfigGUI>
  <ConfigGUI>
    <Name>ddlMarkov</Name>
    <Text>16</Text>
    <Value>16</Value>
  </ConfigGUI>
  <ConfigGUI>
    <Name>ddlMarkov</Name>
    <Text>22</Text>
    <Value>22</Value>
  </ConfigGUI>
  <ConfigGUI>
    <Name>ddlMarkov</Name>
    <Text>28</Text>
    <Value>28</Value>
  </ConfigGUI>
  <ConfigGUI>
    <Name>ddlMarkov</Name>
    <Text>32</Text>
    <Value>32</Value>
  </ConfigGUI>
  <ConfigGUI>
    <Name>ddlMarkov</Name>
    <Text>40</Text>
    <Value>40</Value>
  </ConfigGUI>
  <ConfigGUI>
    <Name>ddlMarkov</Name>
    <Text>48</Text>
    <Value>48</Value>
  </ConfigGUI>
  <ConfigGUI>
    <Name>ddlMarkov</Name>
    <Text>60</Text>
    <Value>60</Value>
  </ConfigGUI>
  <ConfigGUI>
    <Name>ddlMarkov</Name>
    <Text>72</Text>
    <Value>72</Value>
  </ConfigGUI>
  <ConfigGUI>
    <Name>ddlMarkov</Name>
    <Text>80</Text>
    <Value>80</Value>
  </ConfigGUI>
  <ConfigGUI>
    <Name>ddlMarkov</Name>
    <Text>90</Text>
    <Value>90</Value>
  </ConfigGUI>
  <ConfigGUI>
    <Name>lblGPUMarkov</Name>
    <Text>Markov:</Text>
  </ConfigGUI>
  <ConfigGUI>
    <Name>ddlTempRetain</Name>
    <Text>$text$85</Text>
  </ConfigGUI>
  <ConfigGUI>
    <Name>ddlTempRetain</Name>
    <Text>Off</Text>
    <Value>Off</Value>
  </ConfigGUI>
  <ConfigGUI>
    <Name>ddlTempRetain</Name>
    <Text>70</Text>
    <Value>70</Value>
  </ConfigGUI>
  <ConfigGUI>
    <Name>ddlTempRetain</Name>
    <Text>75</Text>
    <Value>75</Value>
  </ConfigGUI>
  <ConfigGUI>
    <Name>ddlTempRetain</Name>
    <Text>80</Text>
    <Value>80</Value>
  </ConfigGUI>
  <ConfigGUI>
    <Name>ddlTempRetain</Name>
    <Text>85</Text>
    <Value>85</Value>
  </ConfigGUI>
  <ConfigGUI>
    <Name>ddlTempRetain</Name>
    <Text>90</Text>
    <Value>90</Value>
  </ConfigGUI>
  <ConfigGUI>
    <Name>lblGPURetain</Name>
    <Text>Retain °C:</Text>
  </ConfigGUI>
  <ConfigGUI>
    <Name>ddlDevices</Name>
    <Text>$text$All</Text>
  </ConfigGUI>
  <ConfigGUI>
    <Name>ddlDevices</Name>
    <Text>All</Text>
    <Value>All</Value>
  </ConfigGUI>
  <ConfigGUI>
    <Name>ddlDevices</Name>
    <Text>1</Text>
    <Value>1</Value>
  </ConfigGUI>
  <ConfigGUI>
    <Name>ddlDevices</Name>
    <Text>2</Text>
    <Value>2</Value>
  </ConfigGUI>
  <ConfigGUI>
    <Name>ddlDevices</Name>
    <Text>3</Text>
    <Value>3</Value>
  </ConfigGUI>
  <ConfigGUI>
    <Name>ddlDevices</Name>
    <Text>4</Text>
    <Value>4</Value>
  </ConfigGUI>
  <ConfigGUI>
    <Name>ddlDevices</Name>
    <Text>5</Text>
    <Value>5</Value>
  </ConfigGUI>
  <ConfigGUI>
    <Name>ddlDevices</Name>
    <Text>6</Text>
    <Value>6</Value>
  </ConfigGUI>
  <ConfigGUI>
    <Name>ddlDevices</Name>
    <Text>7</Text>
    <Value>7</Value>
  </ConfigGUI>
  <ConfigGUI>
    <Name>ddlDevices</Name>
    <Text>8</Text>
    <Value>8</Value>
  </ConfigGUI>
  <ConfigGUI>
    <Name>ddlDevices</Name>
    <Text>1,2</Text>
    <Value>1,2</Value>
  </ConfigGUI>
  <ConfigGUI>
    <Name>ddlDevices</Name>
    <Text>3,4</Text>
    <Value>3,4</Value>
  </ConfigGUI>
  <ConfigGUI>
    <Name>ddlDevices</Name>
    <Text>5,6</Text>
    <Value>5,6</Value>
  </ConfigGUI>
  <ConfigGUI>
    <Name>ddlDevices</Name>
    <Text>7,8</Text>
    <Value>7,8</Value>
  </ConfigGUI>
  <ConfigGUI>
    <Name>ddlDevices</Name>
    <Text>1,2,3</Text>
    <Value>1,2,3</Value>
  </ConfigGUI>
  <ConfigGUI>
    <Name>ddlDevices</Name>
    <Text>4,5,6</Text>
    <Value>4,5,6</Value>
  </ConfigGUI>
  <ConfigGUI>
    <Name>ddlDevices</Name>
    <Text>1,2,3,4</Text>
    <Value>1,2,3,4</Value>
  </ConfigGUI>
  <ConfigGUI>
    <Name>ddlDevices</Name>
    <Text>5,6,7,8</Text>
    <Value>5,6,7,8</Value>
  </ConfigGUI>
  <ConfigGUI>
    <Name>lblGPUDevices</Name>
    <Text>Devices:</Text>
  </ConfigGUI>
  <ConfigGUI>
    <Name>ddlTempAbort</Name>
    <Text>$text$75</Text>
  </ConfigGUI>
  <ConfigGUI>
    <Name>ddlTempAbort</Name>
    <Text>Off</Text>
    <Value>Off</Value>
  </ConfigGUI>
  <ConfigGUI>
    <Name>ddlTempAbort</Name>
    <Text>70</Text>
    <Value>70</Value>
  </ConfigGUI>
  <ConfigGUI>
    <Name>ddlTempAbort</Name>
    <Text>75</Text>
    <Value>75</Value>
  </ConfigGUI>
  <ConfigGUI>
    <Name>ddlTempAbort</Name>
    <Text>80</Text>
    <Value>80</Value>
  </ConfigGUI>
  <ConfigGUI>
    <Name>ddlTempAbort</Name>
    <Text>85</Text>
    <Value>85</Value>
  </ConfigGUI>
  <ConfigGUI>
    <Name>ddlTempAbort</Name>
    <Text>90</Text>
    <Value>90</Value>
  </ConfigGUI>
  <ConfigGUI>
    <Name>lblGPUAbort</Name>
    <Text>Abort °C:</Text>
  </ConfigGUI>
  <ConfigGUI>
    <Name>tabStraight</Name>
    <Text>Straight / Wordlist</Text>
  </ConfigGUI>
  <ConfigGUI>
    <Name>tabCombin</Name>
    <Text>Combination</Text>
  </ConfigGUI>
  <ConfigGUI>
    <Name>tabBrute</Name>
    <Text>Brute-force</Text>
  </ConfigGUI>
  <ConfigGUI>
    <Name>tabHybrid</Name>
    <Text>Hybrid</Text>
  </ConfigGUI>
  <ConfigGUI>
    <Name>tabCustom</Name>
    <Text>Custom Commands &amp; Sessions</Text>
  </ConfigGUI>
  <ConfigGUI>
    <Name>grpRulesPlus</Name>
    <Text>Rules</Text>
  </ConfigGUI>
  <ConfigGUI>
    <Name>grpWordlistsPlus</Name>
    <Text>Wordlists</Text>
  </ConfigGUI>
  <ConfigGUI>
    <Name>grpCharsetsBF</Name>
    <Text>Brute-force Character Sets</Text>
  </ConfigGUI>
  <ConfigGUI>
    <Name>grpLengthPlus</Name>
    <Text>Password Length / Start</Text>
  </ConfigGUI>
  <ConfigGUI>
    <Name>grpHybridType</Name>
    <Text>Hybrid Wordlist and Hybrid Type</Text>
  </ConfigGUI>
  <ConfigGUI>
    <Name>grpCharsetsHybrid</Name>
    <Text>Hybrid Character Sets</Text>
  </ConfigGUI>
  <ConfigGUI>
    <Name>grpCustom</Name>
    <Text>Custom Commands</Text>
  </ConfigGUI>
  <ConfigGUI>
    <Name>grpSessionRestore</Name>
    <Text>Session Restore</Text>
  </ConfigGUI>
  <ConfigGUI>
    <Name>chkRules6</Name>
    <Text>Rules:</Text>
    <Value>f</Value>
  </ConfigGUI>
  <ConfigGUI>
    <Name>btnRules6</Name>
    <Text>...</Text>
  </ConfigGUI>
  <ConfigGUI>
    <Name>ddlRules6</Name>
    <Text>$text$</Text>
  </ConfigGUI>
  <ConfigGUI>
    <Name>chkRules5</Name>
    <Text>Rules:</Text>
    <Value>f</Value>
  </ConfigGUI>
  <ConfigGUI>
    <Name>btnRules5</Name>
    <Text>...</Text>
  </ConfigGUI>
  <ConfigGUI>
    <Name>ddlRules5</Name>
    <Text>$text$</Text>
  </ConfigGUI>
  <ConfigGUI>
    <Name>chkRules4</Name>
    <Text>Rules:</Text>
    <Value>f</Value>
  </ConfigGUI>
  <ConfigGUI>
    <Name>btnRules4</Name>
    <Text>...</Text>
  </ConfigGUI>
  <ConfigGUI>
    <Name>ddlRules4</Name>
    <Text>$text$</Text>
  </ConfigGUI>
  <ConfigGUI>
    <Name>chkRules3</Name>
    <Text>Rules:</Text>
    <Value>f</Value>
  </ConfigGUI>
  <ConfigGUI>
    <Name>btnRules3</Name>
    <Text>...</Text>
  </ConfigGUI>
  <ConfigGUI>
    <Name>ddlRules3</Name>
    <Text>$text$</Text>
  </ConfigGUI>
  <ConfigGUI>
    <Name>chkRules2</Name>
    <Text>Rules:</Text>
    <Value>f</Value>
  </ConfigGUI>
  <ConfigGUI>
    <Name>btnRules2</Name>
    <Text>...</Text>
  </ConfigGUI>
  <ConfigGUI>
    <Name>ddlRules2</Name>
    <Text>$text$</Text>
  </ConfigGUI>
  <ConfigGUI>
    <Name>ddlRulesGen</Name>
    <Text>1,000 (1k)</Text>
    <Value>1000</Value>
  </ConfigGUI>
  <ConfigGUI>
    <Name>chkGenRules</Name>
    <Text>Generate Rules:</Text>
    <Value>f</Value>
  </ConfigGUI>
  <ConfigGUI>
    <Name>chkRules1</Name>
    <Text>Rules:</Text>
    <Value>f</Value>
  </ConfigGUI>
  <ConfigGUI>
    <Name>btnRules1</Name>
    <Text>...</Text>
  </ConfigGUI>
  <ConfigGUI>
    <Name>ddlRules1</Name>
    <Text>$text$</Text>
  </ConfigGUI>
  <ConfigGUI>
    <Name>txtRuleLeft</Name>
    <Text />
  </ConfigGUI>
  <ConfigGUI>
    <Name>txtRuleRight</Name>
    <Text />
  </ConfigGUI>
  <ConfigGUI>
    <Name>lblRightRulePlus</Name>
    <Text>Right Rule:</Text>
  </ConfigGUI>
  <ConfigGUI>
    <Name>lblLeftRulePlus</Name>
    <Text>Left Rule:</Text>
  </ConfigGUI>
  <ConfigGUI>
    <Name>lblWordlistRight</Name>
    <Text>Wordlist Right:</Text>
  </ConfigGUI>
  <ConfigGUI>
    <Name>ddlWordlistRight</Name>
    <Text>$text$</Text>
  </ConfigGUI>
  <ConfigGUI>
    <Name>lblWordlistLeft</Name>
    <Text>Wordlist Left:</Text>
  </ConfigGUI>
  <ConfigGUI>
    <Name>ddlWordlistLeft</Name>
    <Text>$text$</Text>
  </ConfigGUI>
  <ConfigGUI>
    <Name>btnMaskFind</Name>
    <Text>...</Text>
  </ConfigGUI>
  <ConfigGUI>
    <Name>btnChar4Find</Name>
    <Text>...</Text>
  </ConfigGUI>
  <ConfigGUI>
    <Name>btnChar3Find</Name>
    <Text>...</Text>
  </ConfigGUI>
  <ConfigGUI>
    <Name>btnChar2Find</Name>
    <Text>...</Text>
  </ConfigGUI>
  <ConfigGUI>
    <Name>btnChar1Find</Name>
    <Text>...</Text>
  </ConfigGUI>
  <ConfigGUI>
    <Name>lblMaskBF</Name>
    <Text>Mask:</Text>
  </ConfigGUI>
  <ConfigGUI>
    <Name>ddlMask</Name>
    <Text>$text$?1?1?1?1?1?1?1?1</Text>
  </ConfigGUI>
  <ConfigGUI>
    <Name>ddlMask</Name>
    <Text>?1?1?1?1?1?1?1?1</Text>
    <Value>?1?1?1?1?1?1?1?1</Value>
  </ConfigGUI>
  <ConfigGUI>
    <Name>ddlMask</Name>
    <Text>?2?2?2?2?2?2?2?2</Text>
    <Value>?2?2?2?2?2?2?2?2</Value>
  </ConfigGUI>
  <ConfigGUI>
    <Name>ddlMask</Name>
    <Text>?3?3?3?3?3?3?3?3</Text>
    <Value>?3?3?3?3?3?3?3?3</Value>
  </ConfigGUI>
  <ConfigGUI>
    <Name>ddlMask</Name>
    <Text>?4?4?4?4?4?4?4?4</Text>
    <Value>?4?4?4?4?4?4?4?4</Value>
  </ConfigGUI>
  <ConfigGUI>
    <Name>ddlMask</Name>
    <Text>?a?a?a?a?a?a</Text>
    <Value>?a?a?a?a?a?a</Value>
  </ConfigGUI>
  <ConfigGUI>
    <Name>ddlMask</Name>
    <Text>?a?a?a?a?a?a?a</Text>
    <Value>?a?a?a?a?a?a?a</Value>
  </ConfigGUI>
  <ConfigGUI>
    <Name>ddlMask</Name>
    <Text>?a?a?a?a?a?a?a?a</Text>
    <Value>?a?a?a?a?a?a?a?a</Value>
  </ConfigGUI>
  <ConfigGUI>
    <Name>ddlMask</Name>
    <Text>?l?l?l?l?l?l?l?l</Text>
    <Value>?l?l?l?l?l?l?l?l</Value>
  </ConfigGUI>
  <ConfigGUI>
    <Name>ddlMask</Name>
    <Text>?u?l?l?l?l?l?l?l</Text>
    <Value>?u?l?l?l?l?l?l?l</Value>
  </ConfigGUI>
  <ConfigGUI>
    <Name>ddlMask</Name>
    <Text>?u?u?u?u?u?u?u?u</Text>
    <Value>?u?u?u?u?u?u?u?u</Value>
  </ConfigGUI>
  <ConfigGUI>
    <Name>ddlMask</Name>
    <Text>?d?d?d?d?d?d?d?d?d?d?d?d</Text>
    <Value>?d?d?d?d?d?d?d?d?d?d?d?d</Value>
  </ConfigGUI>
  <ConfigGUI>
    <Name>chkChars4</Name>
    <Text>Charset 4</Text>
    <Value>f</Value>
  </ConfigGUI>
  <ConfigGUI>
    <Name>chkChars3</Name>
    <Text>Charset 3</Text>
    <Value>f</Value>
  </ConfigGUI>
  <ConfigGUI>
    <Name>chkChars2</Name>
    <Text>Charset 2</Text>
    <Value>f</Value>
  </ConfigGUI>
  <ConfigGUI>
    <Name>chkChars1</Name>
    <Text>Charset 1</Text>
    <Value>t</Value>
  </ConfigGUI>
  <ConfigGUI>
    <Name>ddlChars4</Name>
    <Text>$text$</Text>
  </ConfigGUI>
  <ConfigGUI>
    <Name>ddlChars4</Name>
    <Text>?d?l</Text>
    <Value>?d?l</Value>
  </ConfigGUI>
  <ConfigGUI>
    <Name>ddlChars4</Name>
    <Text>?d?u</Text>
    <Value>?d?u</Value>
  </ConfigGUI>
  <ConfigGUI>
    <Name>ddlChars4</Name>
    <Text>?d?l?u</Text>
    <Value>?d?l?u</Value>
  </ConfigGUI>
  <ConfigGUI>
    <Name>ddlChars4</Name>
    <Text>?l?u</Text>
    <Value>?l?u</Value>
  </ConfigGUI>
  <ConfigGUI>
    <Name>ddlChars3</Name>
    <Text>$text$</Text>
  </ConfigGUI>
  <ConfigGUI>
    <Name>ddlChars3</Name>
    <Text>?d?l</Text>
    <Value>?d?l</Value>
  </ConfigGUI>
  <ConfigGUI>
    <Name>ddlChars3</Name>
    <Text>?d?u</Text>
    <Value>?d?u</Value>
  </ConfigGUI>
  <ConfigGUI>
    <Name>ddlChars3</Name>
    <Text>?d?l?u</Text>
    <Value>?d?l?u</Value>
  </ConfigGUI>
  <ConfigGUI>
    <Name>ddlChars3</Name>
    <Text>?l?u</Text>
    <Value>?l?u</Value>
  </ConfigGUI>
  <ConfigGUI>
    <Name>ddlChars2</Name>
    <Text>$text$</Text>
  </ConfigGUI>
  <ConfigGUI>
    <Name>ddlChars2</Name>
    <Text>?d?l</Text>
    <Value>?d?l</Value>
  </ConfigGUI>
  <ConfigGUI>
    <Name>ddlChars2</Name>
    <Text>?d?u</Text>
    <Value>?d?u</Value>
  </ConfigGUI>
  <ConfigGUI>
    <Name>ddlChars2</Name>
    <Text>?d?l?u</Text>
    <Value>?d?l?u</Value>
  </ConfigGUI>
  <ConfigGUI>
    <Name>ddlChars2</Name>
    <Text>?l?u</Text>
    <Value>?l?u</Value>
  </ConfigGUI>
  <ConfigGUI>
    <Name>ddlChars1</Name>
    <Text>$text$?l?d</Text>
  </ConfigGUI>
  <ConfigGUI>
    <Name>ddlChars1</Name>
    <Text>?d?l</Text>
    <Value>?d?l</Value>
  </ConfigGUI>
  <ConfigGUI>
    <Name>ddlChars1</Name>
    <Text>?d?u</Text>
    <Value>?d?u</Value>
  </ConfigGUI>
  <ConfigGUI>
    <Name>ddlChars1</Name>
    <Text>?d?l?u</Text>
    <Value>?d?l?u</Value>
  </ConfigGUI>
  <ConfigGUI>
    <Name>ddlChars1</Name>
    <Text>?l?u</Text>
    <Value>?l?u</Value>
  </ConfigGUI>
  <ConfigGUI>
    <Name>chkIncrement</Name>
    <Text>Increment Mode</Text>
    <Value>f</Value>
  </ConfigGUI>
  <ConfigGUI>
    <Name>txtMax</Name>
    <Text>8</Text>
  </ConfigGUI>
  <ConfigGUI>
    <Name>lblMinMaxSep</Name>
    <Text>-</Text>
  </ConfigGUI>
  <ConfigGUI>
    <Name>txtMin</Name>
    <Text>1</Text>
  </ConfigGUI>
  <ConfigGUI>
    <Name>lblLengthPlus</Name>
    <Text>Length:</Text>
  </ConfigGUI>
  <ConfigGUI>
    <Name>ddlHybridType</Name>
    <Text>Hybrid Wordlist + Mask</Text>
    <Value>6</Value>
  </ConfigGUI>
  <ConfigGUI>
    <Name>lblWordlistHyb</Name>
    <Text>Wordlist:</Text>
  </ConfigGUI>
  <ConfigGUI>
    <Name>ddlWordlistHyb</Name>
    <Text>$text$</Text>
  </ConfigGUI>
  <ConfigGUI>
    <Name>btnHybridChar4</Name>
    <Text>...</Text>
  </ConfigGUI>
  <ConfigGUI>
    <Name>btnHybridChar3</Name>
    <Text>...</Text>
  </ConfigGUI>
  <ConfigGUI>
    <Name>btnHybridChar2</Name>
    <Text>...</Text>
  </ConfigGUI>
  <ConfigGUI>
    <Name>btnHybridChar1</Name>
    <Text>...</Text>
  </ConfigGUI>
  <ConfigGUI>
    <Name>lblMaskHyb</Name>
    <Text>Mask:</Text>
  </ConfigGUI>
  <ConfigGUI>
    <Name>ddlMaskHyb</Name>
    <Text>$text$?1?1?1?1?1?1?1?1</Text>
  </ConfigGUI>
  <ConfigGUI>
    <Name>chkCharsHyb4</Name>
    <Text>Charset 4</Text>
    <Value>f</Value>
  </ConfigGUI>
  <ConfigGUI>
    <Name>chkCharsHyb3</Name>
    <Text>Charset 3</Text>
    <Value>f</Value>
  </ConfigGUI>
  <ConfigGUI>
    <Name>chkCharsHyb2</Name>
    <Text>Charset 2</Text>
    <Value>f</Value>
  </ConfigGUI>
  <ConfigGUI>
    <Name>chkCharsHyb1</Name>
    <Text>Charset 1</Text>
    <Value>t</Value>
  </ConfigGUI>
  <ConfigGUI>
    <Name>ddlCharsHyb4</Name>
    <Text>$text$</Text>
  </ConfigGUI>
  <ConfigGUI>
    <Name>ddlCharsHyb3</Name>
    <Text>$text$</Text>
  </ConfigGUI>
  <ConfigGUI>
    <Name>ddlCharsHyb2</Name>
    <Text>$text$</Text>
  </ConfigGUI>
  <ConfigGUI>
    <Name>ddlCharsHyb1</Name>
    <Text>$text$?l?d</Text>
  </ConfigGUI>
  <ConfigGUI>
    <Name>btncap2hccapx</Name>
    <Text>...</Text>
  </ConfigGUI>
  <ConfigGUI>
    <Name>lblcap2hccapx</Name>
    <Text>Path location to cap2hccapx binary:</Text>
  </ConfigGUI>
  <ConfigGUI>
    <Name>txtcap2hccapx</Name>
    <Text />
  </ConfigGUI>
  <ConfigGUI>
    <Name>lblExtraCmds</Name>
    <Text>You can add any extra commands to hashcat here by adding to the text-box below:</Text>
  </ConfigGUI>
  <ConfigGUI>
    <Name>txtExtraCmds</Name>
    <Text />
  </ConfigGUI>
  <ConfigGUI>
    <Name>ddlUpdateSecs</Name>
    <Text>60 seconds</Text>
    <Value>60</Value>
  </ConfigGUI>
  <ConfigGUI>
    <Name>lblStatusSecs</Name>
    <Text>Update in Seconds:</Text>
  </ConfigGUI>
  <ConfigGUI>
    <Name>btnRestore</Name>
    <Text>Restore Session</Text>
  </ConfigGUI>
  <ConfigGUI>
    <Name>chkSessionPurge</Name>
    <Text>Delete sessions over 7 days old</Text>
    <Value>f</Value>
  </ConfigGUI>
  <ConfigGUI>
    <Name>ddlSessions</Name>
    <Text>$text$</Text>
  </ConfigGUI>
  <ConfigGUI>
    <Name>lblSessions</Name>
    <Text>0 Available Sessions:</Text>
  </ConfigGUI>
</ArrayOfConfigGUI>